Date,0
2018-01-02,0.0
2018-01-03,-5.1012216112018376e-05
2018-01-04,0.0
2018-01-05,0.0
2018-01-08,0.0
2018-01-09,0.0
2018-01-10,-0.0026017192103088183
2018-01-11,0.0
2018-01-12,-0.0025550291187720546
2018-01-15,-0.005864515372495411
2018-01-16,-0.013478243931520697
2018-01-17,-0.0010843695770365736
2018-01-18,-0.00019388771878687795
2018-01-19,0.0
2018-01-22,0.0
2018-01-23,0.0
2018-01-24,-0.0047610560282581454
2018-01-25,-0.009687559478306094
2018-01-29,-0.009895827969931539
2018-01-30,-0.015589227870002647
2018-01-31,-0.022442509960042364
2018-02-01,-0.023180636909364585
2018-02-02,-0.05137822608218352
2018-02-05,-0.05250426493313546
2018-02-06,-0.05990134789226547
2018-02-07,-0.06750209521716868
2018-02-08,-0.0508222820800589
2018-02-09,-0.06546262189040168
2018-02-12,-0.057427276987037625
2018-02-14,-0.05314688077163362
2018-02-15,-0.052127997157857715
2018-02-16,-0.05935105182831739
2018-02-19,-0.07072157741966806
2018-02-20,-0.07260284177325685
2018-02-21,-0.08020265157871743
2018-02-22,-0.07593804325778816
2018-02-23,-0.05773477209113806
2018-02-26,-0.05411104537308125
2018-02-27,-0.05419761753435269
2018-02-28,-0.05955320623821145
2018-03-01,-0.06210719769877545
2018-03-05,-0.07069503337711464
2018-03-06,-0.08557003325801604
2018-03-07,-0.0979058463432461
2018-03-08,-0.09244631925326151
2018-03-09,-0.09020529794203778
2018-03-12,-0.0669694733726842
2018-03-13,-0.0628248827666358
2018-03-14,-0.06357951858313318
2018-03-15,-0.06731962775964448
2018-03-16,-0.0858612226567615
2018-03-19,-0.1011775267978204
2018-03-20,-0.09364980390660363
2018-03-21,-0.08041536533130389
2018-03-22,-0.08105589915752608
2018-03-23,-0.09207266364417425
2018-03-26,-0.07662174658249672
2018-03-27,-0.07527170909594333
2018-03-28,-0.09051600548563027
2018-04-02,-0.07472812684661215
2018-04-03,-0.07056526869965597
2018-04-04,-0.08256817416777318
2018-04-05,-0.06584909645073644
2018-04-06,-0.06768656193666867
2018-04-09,-0.06556278893832759
2018-04-10,-0.06374022267629308
2018-04-11,-0.05747000441057468
2018-04-12,-0.056486673137204346
2018-04-13,-0.05781285411985173
2018-04-16,-0.05462245982971941
2018-04-17,-0.05381208952719588
2018-04-18,-0.05147302109093075
2018-04-19,-0.04350796075910408
2018-04-20,-0.04248911168889895
2018-04-23,-0.038187940287330135
2018-04-24,-0.03124198911052288
2018-04-25,-0.03164892140180885
2018-04-26,-0.03235002640847548
2018-04-27,-0.02097131950617246
2018-04-30,-0.01693879682986789
2018-05-02,-0.014894920623564463
2018-05-03,-0.020211763201003735
2018-05-04,-0.035085045404587095
2018-05-07,-0.02493409496766846
2018-05-08,-0.03242739288084962
2018-05-09,-0.03110307028140972
2018-05-10,-0.03225806268776047
2018-05-11,-0.03800940361305166
2018-05-14,-0.03715661042374244
2018-05-15,-0.03789879963934641
2018-05-16,-0.042224080686140975
2018-05-17,-0.03804644777603586
2018-05-18,-0.044584360453259524
2018-05-21,-0.05700362598808909
2018-05-22,-0.05064389811266421
2018-05-23,-0.06444268416434286
2018-05-24,-0.04606401134442904
2018-05-25,-0.03638393753381531
2018-05-28,-0.02219355090067227
2018-05-29,-0.023043638193250292
2018-05-30,-0.02527806433558401
2018-05-31,-0.019820603321633722
2018-06-01,-0.01941915974597658
2018-06-04,-0.029316060252591633
2018-06-05,-0.034562914417599386
2018-06-06,-0.01332484638614431
2018-06-07,-0.00734521666493203
2018-06-08,0.0
2018-06-11,0.0
2018-06-12,0.0
2018-06-13,-0.0026844100287608933
2018-06-14,0.0
2018-06-15,0.0
2018-06-18,-0.008808389059377133
2018-06-19,-0.015672072650152555
2018-06-20,-0.010163380194370464
2018-06-21,-0.015842962418525924
2018-06-22,0.0
2018-06-25,-0.0005747368778687449
2018-06-26,-0.0010856374143083857
2018-06-27,-0.010006944118920523
2018-06-28,-0.016080138498982897
2018-06-29,-0.0011864414086801642
2018-07-02,-0.01185384888327181
2018-07-03,-0.0022513191178056636
2018-07-04,0.0
2018-07-05,-0.00992195545993933
2018-07-06,-0.008797490583681811
2018-07-09,0.0
2018-07-10,0.0
2018-07-11,-0.0015111586502296263
2018-07-12,0.0
2018-07-13,0.0
2018-07-16,-0.014905808179022697
2018-07-17,-0.011402407490663652
2018-07-18,-0.01308797869475299
2018-07-19,-0.008542848431876793
2018-07-20,0.0
2018-07-23,0.0
2018-07-24,0.0
2018-07-25,-0.0016527646299329124
2018-07-26,-0.002740255558547548
2018-07-27,0.0
2018-07-30,0.0
2018-07-31,0.0
2018-08-01,0.0
2018-08-02,-0.012219225470907568
2018-08-03,-0.005502653999437045
2018-08-06,-0.0025733293434888915
2018-08-07,-0.0017671550792186575
2018-08-08,0.0
2018-08-09,-0.006987119400644152
2018-08-10,-0.014126495517666766
2018-08-13,-0.013935376599471163
2018-08-14,0.0
2018-08-16,0.0
2018-08-17,0.0
2018-08-20,0.0
2018-08-21,0.0
2018-08-23,0.0
2018-08-24,-0.005124072212822326
2018-08-27,0.0
2018-08-28,0.0
2018-08-29,-0.0034613332762416064
2018-08-30,0.0
2018-08-31,0.0
2018-09-03,-0.011261361204985287
2018-09-04,-0.010431290979479618
2018-09-05,-0.01718879971444393
2018-09-06,-0.011639572069100854
2018-09-07,-0.0009153202748501597
2018-09-10,-0.021608467985261434
2018-09-11,-0.037477253552771705
2018-09-12,-0.02278705227434997
2018-09-14,-0.011784282074981407
2018-09-17,-0.031487912191976684
2018-09-18,-0.041247924386826465
2018-09-19,-0.049000773356874486
2018-09-21,-0.05846797090074433
2018-09-24,-0.07628900099782224
2018-09-25,-0.06361254573655122
2018-09-26,-0.06296332077244939
2018-09-27,-0.07349714486346659
2018-09-28,-0.0829762116460255
2018-10-01,-0.08329610815431256
2018-10-03,-0.09608780521587504
2018-10-04,-0.1281554648958334
2018-10-05,-0.15544942401031808
2018-10-08,-0.15711608477907932
2018-10-09,-0.1566042225734757
2018-10-10,-0.1385466478699317
2018-10-11,-0.1660190796796921
2018-10-12,-0.1418748271662544
2018-10-15,-0.1298577086275885
2018-10-16,-0.1257580288756798
2018-10-17,-0.1395178061118439
2018-10-19,-0.14637994669605622
2018-10-22,-0.15271839269857293
2018-10-23,-0.16882096744522523
2018-10-24,-0.14262301825657675
2018-10-25,-0.1563729261105503
2018-10-26,-0.16126937190904608
2018-10-29,-0.14320743688331172
2018-10-30,-0.15038359215567484
2018-10-31,-0.13616781868072728
2018-11-01,-0.13822736713220124
2018-11-02,-0.12659408455030918
2018-11-05,-0.12577452891072055
2018-11-06,-0.12292177988282417
2018-11-07,-0.11639724390655033
2018-11-09,-0.12135636563845652
2018-11-12,-0.13417731521895254
2018-11-13,-0.13249882092526322
2018-11-14,-0.141379646001669
2018-11-15,-0.13661255096668312
2018-11-16,-0.11457708739776233
2018-11-19,-0.10318756717679556
2018-11-20,-0.10999034403375928
2018-11-21,-0.11410508082364709
2018-11-22,-0.12198927376476125
2018-11-26,-0.11497297485405471
2018-11-27,-0.11226181110427796
2018-11-28,-0.11494731386893915
2018-11-29,-0.10116948085130073
2018-11-30,-0.09761834090856031
2018-12-03,-0.11017552370539056
2018-12-04,-0.11297765079528052
2018-12-05,-0.13193153115201556
2018-12-06,-0.14521085767751687
2018-12-07,-0.1381924356959271
2018-12-10,-0.16395508554637164
2018-12-11,-0.1555286181778418
2018-12-12,-0.13452769252984417
2018-12-13,-0.13228681929959132
2018-12-14,-0.12529625394139826
2018-12-17,-0.12377988069919119
2018-12-18,-0.11689659337860055
2018-12-19,-0.11431317440860043
2018-12-20,-0.11402978210153661
2018-12-21,-0.13354204082509025
2018-12-24,-0.139010667038759
2018-12-26,-0.13275961156065025
2018-12-27,-0.1278173038981066
2018-12-28,-0.11721851821622636
2018-12-31,-0.11737132055869878
2019-01-01,-0.10914444314818848
2019-01-02,-0.11682706045904381
2019-01-03,-0.1253820975490835
2019-01-04,-0.12303788363765598
2019-01-07,-0.12110067562624326
2019-01-08,-0.11530010357571062
2019-01-09,-0.10759835051851187
2019-01-10,-0.10817011244653245
2019-01-11,-0.1088579476816819
2019-01-14,-0.10784906787705034
2019-01-15,-0.0900364030266653
2019-01-16,-0.09142674759596904
2019-01-17,-0.10187099308630922
2019-01-18,-0.11989340361875436
2019-01-21,-0.10603851354162429
2019-01-22,-0.10287132254556491
2019-01-23,-0.10997685098250948
2019-01-24,-0.11024471702895859
2019-01-25,-0.11140292175152788
2019-01-28,-0.1265347359567139
2019-01-29,-0.12313066184623551
2019-01-30,-0.12526429440722042
2019-01-31,-0.10925868498970247
2019-02-01,-0.09757072025493481
2019-02-04,-0.1027224910382912
2019-02-05,-0.10436850862434441
2019-02-06,-0.08963383187738444
2019-02-07,-0.08623059507892734
2019-02-08,-0.09351284488616138
2019-02-11,-0.09929327227291113
2019-02-12,-0.10228222820542475
2019-02-14,-0.11348162738501522
2019-02-15,-0.11501110233427773
2019-02-18,-0.12494555879994884
2019-02-19,-0.1259660017336889
2019-02-20,-0.11020416210815911
2019-02-21,-0.10407552425922784
2019-02-22,-0.10644140840388575
2019-02-25,-0.09585488062704946
2019-02-26,-0.10287948009602235
2019-02-27,-0.09984581375245584
2019-02-28,-0.09858316195903087
2019-03-01,-0.09782417049095468
2019-03-05,-0.09046009244444313
2019-03-06,-0.07923610347110874
2019-03-07,-0.078433870028664
2019-03-08,-0.07770970062035142
2019-03-11,-0.058924894267293554
2019-03-12,-0.03979651048118146
2019-03-13,-0.041002006735245546
2019-03-14,-0.03733844988857533
2019-03-15,-0.03594348117083608
2019-03-18,-0.0337989885125646
2019-03-19,-0.0238720559369857
2019-03-20,-0.019464918024610187
2019-03-22,-0.024677159035979584
2019-03-25,-0.03519423968123962
2019-03-26,-0.025060341611740863
2019-03-27,-0.03153469834350681
2019-03-28,-0.013816218663405952
2019-04-01,0.0
2019-04-02,0.0
2019-04-03,-0.012786359070116441
2019-04-04,-0.014768606718795796
2019-04-05,-0.0078021185497934705
2019-04-08,-0.016165456820210353
2019-04-09,-0.014481537683034737
2019-04-10,-0.02584228055814385
2019-04-11,-0.020087427913499628
2019-04-12,-0.02008281274951129
2019-04-15,-0.022304533308925924
2019-04-16,-0.015903430054656574
2019-04-18,-0.01842536568850361
2019-04-22,-0.027694842952415904
2019-04-23,-0.021571496138849948
2019-04-24,-0.005301097152340815
2019-04-25,-0.012924071214838231
2019-04-26,-0.006747470769722958
2019-04-30,-0.008763756251864959
2019-05-02,-0.004377599255889476
2019-05-03,-0.0017714319686086824
2019-05-06,-0.01059518662908916
2019-05-07,-0.021338487236934163
2019-05-08,-0.03726527920192897
2019-05-09,-0.04501181875208104
2019-05-10,-0.04613569880403818
2019-05-13,-0.07131133965678285
2019-05-14,-0.05126290606675839
2019-05-15,-0.05126410315171886
2019-05-16,-0.04191553954262108
2019-05-17,-0.025269249243273527
2019-05-20,0.0
2019-05-21,-0.008415927323947575
2019-05-22,0.0
2019-05-23,-0.01579692092963881
2019-05-24,0.0
2019-05-27,0.0
2019-05-28,-0.0009394973397213016
2019-05-29,-0.0036435559957060672
2019-05-30,0.0
2019-05-31,-0.00609093228448404
2019-06-03,0.0
2019-06-04,-0.00306554394537244
2019-06-06,-0.01973071140802142
2019-06-07,-0.01740649609579571
2019-06-10,-0.006427337461309069
2019-06-11,-0.008240231487324393
2019-06-12,-0.01357954399705643
2019-06-13,-0.009429626585772071
2019-06-14,-0.016328104738297666
2019-06-17,-0.035019093571496976
2019-06-18,-0.0322992727966381
2019-06-19,-0.032893835991409784
2019-06-20,-0.012996644705547344
2019-06-21,-0.02537574404977988
2019-06-24,-0.026873081652581135
2019-06-25,-0.017450260581367345
2019-06-26,-0.010119780968151389
2019-06-27,-0.013444629391366888
2019-06-28,-0.016249760890016805
2019-07-01,-0.007967273009317422
2019-07-02,-0.00533974981685897
2019-07-03,-0.00397299842192631
2019-07-04,-0.0003646400171035305
2019-07-05,-0.0131270226842406
2019-07-08,-0.044728144545051716
2019-07-09,-0.02451269966039331
2019-07-10,-0.0326595400522266
2019-07-11,-0.025190099805001896
2019-07-12,-0.029635325855161595
2019-07-15,-0.01963600305243213
2019-07-16,-0.008984285669883334
2019-07-17,-0.010574636906100008
2019-07-18,-0.01702689055785181
2019-07-19,-0.03599241417794304
2019-07-22,-0.03937638004548359
2019-07-23,-0.035449437677380846
2019-07-24,-0.04511287838455037
2019-07-25,-0.05135298858926739
2019-07-26,-0.04250612368514765
2019-07-29,-0.05123174152670437
2019-07-30,-0.05510799080107124
2019-07-31,-0.05250617660328882
2019-08-01,-0.06882948886854524
2019-08-02,-0.05938611003115545
2019-08-05,-0.07008658599973834
2019-08-06,-0.059398123498519494
2019-08-07,-0.06665448773380622
2019-08-08,-0.04641417021221795
2019-08-09,-0.04166130640205421
2019-08-13,-0.0560484615825755
2019-08-14,-0.04878030478441094
2019-08-16,-0.0461205362074826
2019-08-19,-0.04096737657126301
2019-08-20,-0.04649239312976092
2019-08-21,-0.0558304832154677
2019-08-22,-0.07316623320487987
2019-08-23,-0.06406271431732392
2019-08-26,-0.04444955737996573
2019-08-27,-0.0465693673328197
2019-08-28,-0.05005007668181336
2019-08-29,-0.05065173491685322
2019-08-30,-0.03932306045502584
2019-09-03,-0.06234933908106057
2019-09-04,-0.05772010443271808
2019-09-05,-0.05027667125054123
2019-09-06,-0.0431133712374278
2019-09-09,-0.03384907681946347
2019-09-11,-0.037851669627078297
2019-09-12,-0.044562699376451895
2019-09-13,-0.04334081495724159
2019-09-16,-0.047208066508596006
2019-09-17,-0.06064029074075676
2019-09-18,-0.06088204517850422
2019-09-19,-0.07118289612652544
2019-09-20,-0.017099072465048496
2019-09-23,0.0
2019-09-24,0.0
2019-09-25,-0.015203795306800008
2019-09-26,-0.003458088331403674
2019-09-27,-0.0015223325761382785
2019-09-30,0.0
2019-10-01,-0.015726498437948766
2019-10-03,-0.0199222215600939
2019-10-04,-0.033836463426375106
2019-10-07,-0.041980310056515174
2019-10-09,-0.02269831725097918
2019-10-10,-0.018599697028788706
2019-10-11,-0.010393991058316003
2019-10-14,-0.010656561713274997
2019-10-15,-0.011125778884636797
2019-10-16,-0.006123595702518137
2019-10-17,0.0
2019-10-18,0.0
2019-10-22,-0.028351066031219875
2019-10-23,-0.03199314344426845
2019-10-24,-0.027891924711790073
2019-10-25,-0.02647256930811456
2019-10-27,-0.02097743008127863
2019-10-29,-0.013433509957081747
2019-10-30,-0.0003423102035421086
2019-10-31,0.0
2019-11-01,0.0
2019-11-04,0.0
2019-11-05,0.0
2019-11-06,-0.0022109193637317296
2019-11-07,0.0
2019-11-08,-0.018780340712166572
2019-11-11,-0.020453210797691083
2019-11-13,-0.030397432588749322
2019-11-14,-0.028523124707019013
2019-11-15,-0.016499323528738206
2019-11-18,-0.012288050408148073
2019-11-19,0.0
2019-11-20,0.0
2019-11-21,-0.006705504937236182
2019-11-22,-0.014475415323064227
2019-11-25,0.0
2019-11-26,-0.012942006975584616
2019-11-27,-0.011139823294518868
2019-11-28,-0.008832859497999128
2019-11-29,-0.015391144888175041
2019-12-02,-0.01675246177573752
2019-12-03,-0.02169081886260669
2019-12-04,-0.02091219909535063
2019-12-05,-0.02309370458150122
2019-12-06,-0.031001991099810756
2019-12-09,-0.03253940682705193
2019-12-10,-0.034338337297497974
2019-12-11,-0.03233536256115543
2019-12-12,-0.03068005633194198
2019-12-13,-0.023973472787522102
2019-12-16,-0.03335568961973513
2019-12-17,-0.017093645997747153
2019-12-18,-0.007628974788373286
2019-12-19,-0.0057739084955393954
2019-12-20,-0.005794749596988306
2019-12-23,-0.007690927511215033
2019-12-24,-0.012829312108149084
2019-12-26,-0.026570503120352452
2019-12-27,-0.013388945587582425
2019-12-30,-0.009202913399010975
2019-12-31,-0.015391459218169411
2020-01-01,-0.01266708599472119
2020-01-02,-0.0031901163376457185
2020-01-03,-0.003391094993816186
2020-01-06,-0.026073973148322462
2020-01-07,-0.02204308741503174
2020-01-08,-0.025406783685534732
2020-01-09,-0.011718672085956066
2020-01-10,-0.004932754135320826
2020-01-13,0.0
2020-01-14,0.0
2020-01-15,-0.002472205946172321
2020-01-16,0.0
2020-01-17,0.0
2020-01-20,-0.007297098777261772
2020-01-21,-0.012787753842598852
2020-01-22,-0.012376662705388028
2020-01-23,-0.0023110685770500695
2020-01-24,0.0
2020-01-27,-0.013249584045662394
2020-01-28,-0.02155727027829383
2020-01-29,-0.005225465758148709
2020-01-30,-0.017533137799527424
2020-01-31,-0.021625693229145652
2020-02-03,-0.05788234004260144
2020-02-04,-0.02914424400419935
2020-02-05,-0.018587004894106172
2020-02-06,-0.012092993127603383
2020-02-07,-0.017636887492673736
2020-02-10,-0.023622015065241607
2020-02-11,-0.021112365884774144
2020-02-12,-0.0147542847746879
2020-02-13,-0.012047934597246344
2020-02-14,-0.01070436276055004
2020-02-17,-0.01787463355481419
2020-02-18,-0.022687895662135162
2020-02-19,-0.014793370357861341
2020-02-20,-0.01677305483909226
2020-02-24,-0.036634000413174814
2020-02-25,-0.04418749656091659
2020-02-26,-0.060954750353890676
2020-02-27,-0.06064512070773007
2020-02-28,-0.09659441949582513
2020-03-02,-0.10625547257583116
2020-03-03,-0.08830497657480305
2020-03-04,-0.09738278123820267
2020-03-05,-0.09577450783153822
2020-03-06,-0.11854270906221048
2020-03-09,-0.16860539855537846
2020-03-11,-0.1689652681419828
2020-03-12,-0.25086028022148954
2020-03-13,-0.2081787257504168
2020-03-16,-0.27667952493486886
2020-03-17,-0.29394117432237654
2020-03-18,-0.3380731684677069
2020-03-19,-0.34486583995333164
2020-03-20,-0.3049344734912788
2020-03-23,-0.42012702560829684
2020-03-24,-0.39746154685156443
2020-03-25,-0.35215153546286526
2020-03-26,-0.3128969673738806
2020-03-27,-0.3207050725568289
2020-03-30,-0.3612648408067327
2020-03-31,-0.3323577282899922
2020-04-01,-0.35922966073148777
2020-04-03,-0.3482291747688219
2020-04-07,-0.2889027318539271
2020-04-08,-0.28643595812526984
2020-04-09,-0.2534212611756976
2020-04-13,-0.2588718959680442
2020-04-15,-0.26823181128423557
2020-04-16,-0.2615535501193635
2020-04-17,-0.24464482236598362
2020-04-20,-0.2393407860380819
2020-04-21,-0.2605708831006795
2020-04-22,-0.2444853159433932
2020-04-23,-0.235905903503599
2020-04-24,-0.24535705870698046
2020-04-27,-0.23894613867879286
2020-04-28,-0.23491399738778626
2020-04-29,-0.21560060248474433
2020-04-30,-0.19751436773668798
2020-05-04,-0.23598664855693174
2020-05-05,-0.24481008927666872
2020-05-06,-0.23897307633761822
2020-05-07,-0.24887905035581478
2020-05-08,-0.2429644976589097
2020-05-11,-0.24153808722429926
2020-05-12,-0.23764239279900576
2020-05-13,-0.22242811219198802
2020-05-14,-0.24250357446554072
2020-05-15,-0.24292598955908726
2020-05-18,-0.268916808238247
2020-05-19,-0.255528359483747
2020-05-20,-0.23406763785609033
2020-05-21,-0.22620985115220588
2020-05-22,-0.23364719443344537
2020-05-26,-0.24277372961150004
2020-05-27,-0.22091240869195314
2020-05-28,-0.20372563496744278
2020-05-29,-0.19485662468227952
2020-06-01,-0.1707874789449589
2020-06-02,-0.1535429696386518
2020-06-03,-0.14684892939656838
2020-06-04,-0.14234649649039044
2020-06-05,-0.1287757626978242
2020-06-08,-0.12429622173626192
2020-06-09,-0.1359020276659203
2020-06-10,-0.1342237992311906
2020-06-11,-0.1628985173647262
2020-06-12,-0.150227293308679
2020-06-15,-0.16707136962646676
2020-06-16,-0.1623654842890369
2020-06-17,-0.16103423260939326
2020-06-18,-0.13948271082313962
2020-06-19,-0.12025141756562183
2020-06-22,-0.10985968582000463
2020-06-23,-0.08719998893582298
2020-06-24,-0.10004002677302189
2020-06-25,-0.09386744669083366
2020-06-26,-0.08737304750492068
2020-06-29,-0.09142782781884694
2020-06-30,-0.09980111796703292
2020-07-01,-0.08799621664380607
2020-07-02,-0.07443262702719781
2020-07-03,-0.06621364129724874
2020-07-06,-0.04587762371991724
2020-07-07,-0.03869579100386372
2020-07-08,-0.04909862009172056
2020-07-09,-0.03678156937403615
2020-07-10,-0.033380620549446474
2020-07-13,-0.026385090648867838
2020-07-14,-0.040342022158355514
2020-07-15,-0.04317795113081552
2020-07-16,-0.026563648270567022
2020-07-17,-0.010056191671401447
2020-07-20,0.0
2020-07-21,-0.0027954469331633613
2020-07-22,-0.006683386834820079
2020-07-23,0.0
2020-07-24,0.0
2020-07-27,-0.009777673262079444
2020-07-28,0.0
2020-07-29,-0.0018714250518231115
2020-07-30,-0.00801992112110226
2020-07-31,-0.0028710304910289047
2020-08-03,-0.02275212523692179
2020-08-04,0.0
2020-08-05,0.0
2020-08-06,0.0
2020-08-07,0.0
2020-08-10,0.0
2020-08-11,0.0
2020-08-12,-0.005959255772158192
2020-08-13,-0.009645903244267357
2020-08-14,-0.020918367996585176
2020-08-17,-0.018133762872762704
2020-08-18,-0.008625517916150705
2020-08-19,-0.004581692153861411
2020-08-20,-0.017135658393399266
2020-08-21,-0.01380367493699194
2020-08-24,-0.002566350396787248
2020-08-25,-0.00267789107997698
2020-08-26,-0.0028262753771725172
2020-08-27,-0.00513168401022147
2020-08-28,0.0
2020-08-31,-0.032473908468553046
2020-09-01,-0.01569095661430669
2020-09-02,-0.00916019294478734
2020-09-03,-0.010573055437611193
2020-09-04,-0.031975584929139315
2020-09-07,-0.03714607432771501
2020-09-08,-0.04435900208692011
2020-09-09,-0.048202641693169034
2020-09-10,-0.03351756413789315
2020-09-11,-0.03562451322121447
2020-09-14,-0.04954136896396043
2020-09-15,-0.036711714419434154
2020-09-16,-0.026770736105393194
2020-09-17,-0.037213369668333024
2020-09-18,-0.03402583611176132
2020-09-21,-0.062214981751558616
2020-09-22,-0.07121648909408383
2020-09-23,-0.0824964527763383
2020-09-24,-0.1184859497302962
2020-09-25,-0.08901502905394656
2020-09-28,-0.06729676983680666
2020-09-29,-0.07417626298829458
2020-09-30,-0.07691953608469251
2020-10-01,-0.06058552406107339
2020-10-05,-0.05892634455270988
2020-10-06,-0.0504435709972493
2020-10-07,-0.05461998273327598
2020-10-08,-0.04771778335223661
2020-10-09,-0.03949964000727475
2020-10-12,-0.03774716809292205
2020-10-13,-0.04196322154886919
2020-10-14,-0.038144329062618686
2020-10-15,-0.07351380162992846
2020-10-16,-0.06747301672079861
2020-10-19,-0.06438402038008503
2020-10-20,-0.05715490284991176
2020-10-21,-0.04922102927072216
2020-10-22,-0.045529666824793
2020-10-23,-0.040457840709817484
2020-10-26,-0.05469835138900568
2020-10-27,-0.04569026533373329
2020-10-28,-0.052692861356097
2020-10-29,-0.06496609327321115
2020-10-30,-0.07026283463301747
2020-11-02,-0.062404721109512444
2020-11-03,-0.04939517303074043
2020-11-04,-0.02997131999968339
2020-11-05,-0.006226546857978498
2020-11-06,0.0
2020-11-09,0.0
2020-11-10,0.0
2020-11-11,0.0
2020-11-12,0.0
2020-11-13,-0.001857722683978586
2020-11-14,0.0
2020-11-17,0.0
2020-11-18,0.0
2020-11-19,-0.013778458379755809
2020-11-20,-0.003084094801523116
2020-11-23,0.0
2020-11-24,0.0
2020-11-25,-0.023026497016277483
2020-11-26,-0.01234405585130127
2020-11-27,-0.013713600816755753
2020-12-01,0.0
2020-12-02,0.0
2020-12-03,-0.002093944526032602
2020-12-04,0.0
2020-12-07,0.0
2020-12-08,-0.002079517426578904
2020-12-09,0.0
2020-12-10,-0.00023202136923541127
2020-12-11,0.0
2020-12-14,0.0
2020-12-15,0.0
2020-12-16,0.0
2020-12-17,0.0
2020-12-18,0.0
2020-12-21,-0.04081081099296357
2020-12-22,-0.026155407683713053
2020-12-23,-0.012189014913810164
2020-12-24,0.0
2020-12-28,0.0
2020-12-29,0.0
2020-12-30,0.0
2020-12-31,-0.0021550386760977396
2021-01-01,0.0
2021-01-04,0.0
2021-01-05,-0.0063330222528134765
2021-01-06,-0.01448923165734164
2021-01-07,-0.010266786741725539
2021-01-08,0.0
2021-01-11,0.0
2021-01-12,0.0
2021-01-13,0.0
2021-01-14,0.0
2021-01-15,0.0
2021-01-18,-0.013692634894625692
2021-01-19,0.0
2021-01-20,0.0
2021-01-21,-0.004986447526362796
2021-01-22,-0.022034895053284424
2021-01-25,-0.02971019308340047
2021-01-27,-0.04776581946636829
2021-01-28,-0.06237978875165154
2021-01-29,-0.07153731671674743
2021-02-01,-0.018897632748531415
2021-02-02,0.0
2021-02-03,0.0
2021-02-04,0.0
2021-02-05,-0.000749417591870966
2021-02-08,0.0
2021-02-09,-0.0035803682395448813
2021-02-10,-0.007517164788457711
2021-02-11,0.0
2021-02-12,-0.011518232615477129
2021-02-15,0.0
2021-02-16,0.0
2021-02-17,-0.007293439896476047
2021-02-18,-0.017814229654186838
2021-02-19,-0.027717720666047545
2021-02-22,-0.05178664567883524
2021-02-23,-0.046878980055185794
2021-02-24,-0.02597062240643399
2021-02-25,-0.019073197554213626
2021-02-26,-0.05857990638511072
2021-03-01,-0.05234850979354516
2021-03-02,-0.03767324863225779
2021-03-03,-0.014022778783355307
2021-03-04,-0.028661069363709407
2021-03-05,-0.03748898688951238
2021-03-08,-0.035222977688090684
2021-03-09,-0.029904972074580143
2021-03-10,-0.020250503067992868
2021-03-12,-0.027818554840357848
2021-03-15,-0.040252066106563275
2021-03-16,-0.04026813083030618
2021-03-17,-0.05360258652022506
2021-03-18,-0.05949778070468736
2021-03-19,-0.047423241836360736
2021-03-22,-0.04691434790633797
2021-03-23,-0.04474772903751557
2021-03-24,-0.06405593676905329
2021-03-25,-0.0845481548861711
2021-03-26,-0.07083655239552061
2021-03-30,-0.05002547962220518
2021-03-31,-0.05931179856409817
2021-04-01,-0.04595497169655861
2021-04-05,-0.06478353939899714
2021-04-06,-0.061773623303326655
2021-04-07,-0.051802047856871265
2021-04-08,-0.053449656853175716
2021-04-09,-0.05633016691837613
2021-04-12,-0.09975001390814699
2021-04-13,-0.08080424802838354
2021-04-15,-0.08167717029896034
2021-04-16,-0.0822597823431737
2021-04-19,-0.1004611447366495
2021-04-20,-0.09684675582518054
2021-04-22,-0.09008856718978987
2021-04-23,-0.09772392657430418
2021-04-26,-0.09136579909791824
2021-04-27,-0.07295109315305245
2021-04-28,-0.052909436246448616
2021-04-29,-0.049165488894172764
2021-04-30,-0.06012240892210404
2021-05-03,-0.05419103671243632
2021-05-04,-0.06672824858168157
2021-05-05,-0.05469658126099863
2021-05-06,-0.051638957477339535
2021-05-07,-0.0474090953453364
2021-05-10,-0.03791572811953261
2021-05-11,-0.04318893292758108
2021-05-12,-0.05033024111826779
2021-05-14,-0.044942896442532146
2021-05-17,-0.03993913086658241
2021-05-18,-0.027533671914196464
2021-05-19,-0.03307426632532623
2021-05-20,-0.04264883150748282
2021-05-21,-0.02635852273652838
2021-05-24,-0.024518985448472443
2021-05-25,-0.026037214860427742
2021-05-26,-0.014399848017379546
2021-05-27,-0.016326496482152498
2021-05-28,-0.011400688514880953
2021-05-31,-0.0002785967441805086
2021-06-01,0.0
2021-06-02,-0.00308079337247174
2021-06-03,0.0
2021-06-04,0.0
2021-06-07,0.0
2021-06-08,0.0
2021-06-09,-0.01168634850018472
2021-06-10,0.0
2021-06-11,0.0
2021-06-14,0.0
2021-06-15,0.0
2021-06-16,-0.008405703761578334
2021-06-17,-0.014208611296478043
2021-06-18,-0.00881577752109568
2021-06-21,-0.006842186145509433
2021-06-22,-0.00752244578557925
2021-06-23,-0.013416794756297734
2021-06-24,-0.008217566748218934
2021-06-25,-0.0017784630120458783
2021-06-28,-0.007113202576414712
2021-06-29,-0.009449896043459824
2021-06-30,-0.009173782937170881
2021-07-01,-0.013826668020580746
2021-07-02,-0.011863847804352585
2021-07-05,-0.003362850760328144
2021-07-06,-0.0015992649856828324
2021-07-07,0.0
2021-07-08,-0.01215729830043396
2021-07-09,-0.01209655985369508
2021-07-12,-0.015506837684211523
2021-07-13,-0.007970787498231982
2021-07-14,-0.0012662279439451566
2021-07-15,0.0
2021-07-16,0.0
2021-07-19,-0.011598478461002894
2021-07-20,-0.024480274720111057
2021-07-22,0.0
2021-07-23,0.0
2021-07-26,-0.0034175591168146787
2021-07-27,-0.007844622829697908
2021-07-28,-0.002318070466864641
2021-07-29,0.0
2021-07-30,0.0
2021-08-02,0.0
2021-08-03,0.0
2021-08-04,-0.0007045404640379183
2021-08-05,0.0
2021-08-06,-0.0034123096956216953
2021-08-09,-0.005651877357094709
2021-08-10,-0.0008247897677684118
2021-08-11,-0.004292044615479299
2021-08-12,0.0
2021-08-13,0.0
2021-08-16,0.0
2021-08-17,-0.0021068187960131763
2021-08-18,-0.0010334734408497166
2021-08-20,-0.009932893106269068
2021-08-23,-0.006305243198605992
2021-08-24,0.0
2021-08-25,-0.0012601280496118941
2021-08-26,-0.009602753137566143
2021-08-27,-0.0021228976429783553
2021-08-30,0.0
2021-08-31,0.0
2021-09-01,-0.0027657233930796243
2021-09-02,0.0
2021-09-03,0.0
2021-09-06,0.0
2021-09-07,-0.00019331479808159827
2021-09-08,-0.001993916670550266
2021-09-09,0.0
2021-09-13,-0.0007208152123959533
2021-09-14,0.0
2021-09-15,0.0
2021-09-16,0.0
2021-09-17,-0.0011338679659788529
2021-09-20,-0.005653268222685526
2021-09-21,0.0
2021-09-22,0.0
2021-09-23,0.0
2021-09-24,0.0
2021-09-27,-0.003285449022233198
2021-09-28,-0.01451317599426046
2021-09-29,-0.012409058509273865
2021-09-30,-0.01402917903090436
2021-10-01,-0.020776097973108604
2021-10-04,-0.009517262451455424
2021-10-05,-0.0029478230692175215
2021-10-06,-0.014832803388065516
2021-10-07,-0.005707417379982887
2021-10-08,0.0
2021-10-11,0.0
2021-10-12,0.0
2021-10-13,0.0
2021-10-14,0.0
2021-10-18,0.0
2021-10-19,-0.0029778247492570483
2021-10-20,-0.006251371887071832
2021-10-21,-0.018018539079621705
2021-10-22,-0.02806937685872208
2021-10-25,-0.03701783992788204
2021-10-26,-0.02505807278502496
2021-10-27,-0.029067603229669184
2021-10-28,-0.04852672273610696
2021-10-29,-0.0656309628359456
2021-11-01,-0.047499730253595725
2021-11-02,-0.047084081477020104
2021-11-03,-0.052729954294271485
2021-11-04,-0.044209106232427145
2021-11-08,-0.03255405968569545
2021-11-09,-0.03347050776373807
2021-11-10,-0.02543025733583301
2021-11-11,-0.03508657142968187
2021-11-12,-0.017068961276389388
2021-11-15,-0.015922863310239926
2021-11-16,-0.02408291059768994
2021-11-17,-0.029250845647731154
2021-11-18,-0.037552909155596725
2021-11-22,-0.0605652115740423
2021-11-23,-0.05200263209224772
2021-11-24,-0.061234882882115906
2021-11-25,-0.047696319123629934
2021-11-26,-0.08243863650207242
2021-11-29,-0.08254624995745946
2021-11-30,-0.08415215013282952
2021-12-01,-0.07913441533368198
2021-12-02,-0.06254057761321452
2021-12-03,-0.07789091227343604
2021-12-06,-0.09736960658448614
2021-12-07,-0.08571230403227617
2021-12-08,-0.062289184620572514
2021-12-09,-0.04925596916038429
2021-12-10,-0.05002856715351832
2021-12-13,-0.06270469192475113
2021-12-14,-0.07439362470798151
2021-12-15,-0.08012019631893323
2021-12-16,-0.07561640106178376
2021-12-17,-0.08781152178905509
2021-12-20,-0.11235922257581475
2021-12-21,-0.10260104948074386
2021-12-22,-0.08441043937115644
2021-12-23,-0.07720834307957596
2021-12-24,-0.08067682212417761
2021-12-27,-0.07722622432205853
2021-12-28,-0.06408659445829162
2021-12-29,-0.06362269998160254
2021-12-30,-0.06707505484920827
2021-12-31,-0.05815004821536381
2022-01-03,-0.04168870469360854
2022-01-04,-0.033865399559483755
2022-01-05,-0.026331274471094176
2022-01-06,-0.03428875979563793
2022-01-07,-0.03699454544026732
2022-01-10,-0.02526065250640965
2022-01-11,-0.023938446212822116
2022-01-12,-0.009435495737789217
2022-01-13,0.0
2022-01-14,0.0
2022-01-17,0.0
2022-01-18,-0.014619166199078585
2022-01-19,-0.027091647948191012
2022-01-20,-0.03785393706021137
2022-01-21,-0.05321682756945548
2022-01-24,-0.08460126158908067
2022-01-25,-0.07620521630021311
2022-01-27,-0.086550703741906
2022-01-28,-0.08135173134946412
2022-01-31,-0.06320677616561976
2022-02-01,-0.040175852303724356
2022-02-02,-0.028153243887591006
2022-02-03,-0.0422656422984781
2022-02-04,-0.03920707434668545
2022-02-07,-0.06318325627604121
2022-02-08,-0.057141830846804534
2022-02-09,-0.04683459613412088
2022-02-10,-0.03687491577531618
2022-02-11,-0.050432734487288085
2022-02-14,-0.08253129774458555
2022-02-15,-0.04755140780087804
2022-02-16,-0.050482438878134535
2022-02-17,-0.05139920188952816
2022-02-18,-0.0546913598377118
2022-02-21,-0.061298226844738325
2022-02-22,-0.06789927614464195
2022-02-23,-0.06933642847723735
2022-02-24,-0.11725193501043392
2022-02-25,-0.0934493969748479
2022-02-28,-0.08356837125320375
2022-03-02,-0.0996757241010338
2022-03-03,-0.1016541880156682
2022-03-04,-0.11071049068747815
2022-03-07,-0.1299039813161408
2022-03-08,-0.11652962126561227
2022-03-09,-0.08820360330864647
2022-03-10,-0.07442147043805866
2022-03-11,-0.06575662388319388
2022-03-14,-0.051297147098369994
2022-03-15,-0.06073223302470133
2022-03-16,-0.04320799928163325
2022-03-17,-0.025020658331586735
2022-03-21,-0.033385627662345
2022-03-22,-0.01688159721252607
2022-03-23,-0.02296841016990717
2022-03-24,-0.01973518273435981
2022-03-25,-0.0242383151186974
2022-03-28,-0.015383953151016648
2022-03-29,-0.006011748778272786
2022-03-30,0.0
2022-03-31,-0.0019108468461415226
2022-04-01,0.0
2022-04-04,0.0
2022-04-05,-0.006897864277524288
2022-04-06,-0.012986347608909524
2022-04-07,-0.02731634752227722
2022-04-08,-0.017630648951208184
2022-04-11,-0.02902314735030532
2022-04-12,-0.04327411137128304
2022-04-13,-0.03911445782107099
2022-04-18,-0.06332828398671367
2022-04-19,-0.07759024563752094
2022-04-20,-0.07327499391408468
2022-04-21,-0.05839093705687036
2022-04-22,-0.06854353527808651
2022-04-25,-0.08475720499879798
2022-04-26,-0.062239695712328374
2022-04-27,-0.08000833293614315
2022-04-28,-0.06841425082546466
2022-04-29,-0.07427373573021255
2022-05-02,-0.07578657353095537
2022-05-04,-0.10377628406171084
2022-05-05,-0.10555347387347211
2022-05-06,-0.11996881608192037
2022-05-09,-0.12353774282954098
2022-05-10,-0.13177813355344162
2022-05-11,-0.1427990567833345
2022-05-12,-0.16342231426962003
2022-05-13,-0.15967900669088694
2022-05-16,-0.15708260561858184
2022-05-17,-0.13042569083329295
2022-05-18,-0.13371262200269696
2022-05-19,-0.15275413666299614
2022-05-20,-0.12396714514434984
2022-05-23,-0.12405514045311367
2022-05-24,-0.13081110501336907
2022-05-25,-0.1332837905487387
2022-05-26,-0.13096292210729565
2022-05-27,-0.1187547645017368
2022-05-30,-0.09925590019134208
2022-05-31,-0.10709081707729327
2022-06-01,-0.11461218925978185
2022-06-02,-0.10386954571305242
2022-06-03,-0.10117558877214196
2022-06-06,-0.10280916006048176
2022-06-07,-0.11528996075577483
2022-06-08,-0.12376729337464439
2022-06-09,-0.11238155489177115
2022-06-10,-0.13135237999297666
2022-06-13,-0.1578103978276882
2022-06-14,-0.1562495901235606
2022-06-15,-0.15736478926134354
2022-06-16,-0.17883301146143935
2022-06-17,-0.18127153424563322
2022-06-20,-0.17668790902133483
2022-06-21,-0.15890178966609553
2022-06-22,-0.17434875693852825
2022-06-23,-0.16727186721092135
2022-06-24,-0.15927749729233315
2022-06-27,-0.1457997798619662
2022-06-28,-0.14536271303981477
2022-06-29,-0.14225664255733436
2022-06-30,-0.1445503411450757
2022-07-01,-0.14275446802236116
2022-07-04,-0.13536343115282742
2022-07-05,-0.13705890435921306
2022-07-06,-0.1267414145628166
2022-07-07,-0.11999387047082138
2022-07-08,-0.10838005077731538
2022-07-11,-0.11738468233577787
2022-07-12,-0.12390722124917779
2022-07-13,-0.13124397778191021
2022-07-14,-0.13218237042342385
2022-07-15,-0.1227443798292379
2022-07-18,-0.10727214006222378
2022-07-19,-0.10608147824327606
2022-07-20,-0.09698157764952908
2022-07-21,-0.08622056737388152
2022-07-22,-0.08313905145783193
2022-07-25,-0.08787425227392238
2022-07-26,-0.09278324404062249
2022-07-27,-0.08054576981560792
2022-07-28,-0.05962764455705802
2022-07-29,-0.03893541214706112
2022-08-01,-0.029746456529982177
2022-08-02,-0.03227985926264366
2022-08-03,-0.03247450994048402
2022-08-04,-0.027460322719438993
2022-08-05,-0.02601688474947245
2022-08-08,-0.01573364295692611
2022-08-10,-0.014912580006546302
2022-08-11,-0.009651202874738732
2022-08-12,-0.011646241557668727
2022-08-16,-0.00899842059141445
2022-08-17,0.0
2022-08-18,0.0
2022-08-19,-0.007589474313261377
2022-08-22,-0.023837379735607893
2022-08-23,-0.019210970955033657
2022-08-24,-0.02054812279442662
2022-08-25,-0.028466762205148082
2022-08-26,-0.027716376494701198
2022-08-29,-0.042879817925161975
2022-08-30,-0.016122576209643653
2022-09-01,-0.031068012366780497
2022-09-02,-0.02813624115367598
2022-09-05,-0.01572584932549555
2022-09-06,-0.013471453586009803
2022-09-07,-0.015168802778017475
2022-09-08,-0.003388881568744063
2022-09-09,-0.005279569093288662
2022-09-12,0.0
2022-09-13,0.0
2022-09-14,-0.00903358630756936
2022-09-15,-0.019038881694377455
2022-09-16,-0.039475223119765944
2022-09-19,-0.029679973569603186
2022-09-20,-0.015612426146964741
2022-09-21,-0.01952627562266474
2022-09-22,-0.022121738768463985
2022-09-23,-0.03523912789264063
2022-09-26,-0.056531715526128797
2022-09-27,-0.05498097115419279
2022-09-28,-0.0630687525448097
2022-09-29,-0.061203259831958165
2022-09-30,-0.03663947952101797
2022-10-03,-0.048836006786282894
2022-10-04,-0.023461106462238708
2022-10-06,-0.020827079460434994
2022-10-07,-0.021599590514705447
2022-10-10,-0.03011687256511351
2022-10-11,-0.04559930580884531
2022-10-12,-0.037759626219554476
2022-10-13,-0.04391885882198083
2022-10-14,-0.027227329913615487
2022-10-17,-0.022445955846055087
2022-10-18,-0.008771293227266334
2022-10-19,-0.005218633554430972
2022-10-20,0.0
2022-10-21,-0.011133989741238802
2022-10-24,-0.0005401465189527438
2022-10-25,-0.0020037739127452595
2022-10-27,0.0
2022-10-28,0.0
2022-10-31,0.0
2022-11-01,0.0
2022-11-02,-0.002964964369705009
2022-11-03,-0.006176946868329346
2022-11-04,-0.005341324626869833
2022-11-07,-0.004842120771111188
2022-11-09,-0.006437344154234054
2022-11-10,-0.014127646968261288
2022-11-11,0.0
2022-11-14,-0.004562711027695981
2022-11-15,-0.002829856581345302
2022-11-16,-0.0028818816259950854
2022-11-17,-0.003418193100378104
2022-11-18,-0.009216233778323783
2022-11-21,-0.0193393864219933
2022-11-22,-0.013958706418894858
2022-11-23,-0.012309517684087555
2022-11-24,0.0
2022-11-25,0.0
2022-11-28,0.0
2022-11-29,0.0
2022-11-30,0.0
2022-12-01,0.0
2022-12-02,-0.007862846979772645
2022-12-05,-0.010717661498374748
2022-12-06,-0.01395610639477078
2022-12-07,-0.01726429993956583
2022-12-08,-0.01942589560851614
2022-12-09,-0.0240726700081288
2022-12-12,-0.02553150003937099
2022-12-13,-0.015132426125340846
2022-12-14,-0.012232971536661173
2022-12-15,-0.02560249152571985
2022-12-16,-0.03165950373286939
2022-12-19,-0.023508429958017617
2022-12-20,-0.027701794893067698
2022-12-21,-0.036891230602010536
2022-12-22,-0.039786680280766935
2022-12-23,-0.05864589598642444
2022-12-26,-0.04724280425860397
2022-12-27,-0.040843975303440735
2022-12-28,-0.04439828542281697
2022-12-29,-0.03843887891241642
2022-12-30,-0.044638944340539416
2023-01-02,-0.040443585504489434
2023-01-03,-0.03785861519025051
2023-01-04,-0.05080872246944642
2023-01-05,-0.059194682453957315
2023-01-06,-0.06606106929426679
2023-01-09,-0.04983623057047397
2023-01-10,-0.06637181331252547
2023-01-11,-0.0681912296480054
2023-01-12,-0.06899064232780042
2023-01-13,-0.06473349421961096
2023-01-16,-0.0654578029365807
2023-01-17,-0.054013586574277225
2023-01-18,-0.04339857125515226
2023-01-19,-0.04466243526056432
2023-01-20,-0.05297379727136148
2023-01-23,-0.04605494580722185
2023-01-24,-0.04660140985284987
2023-01-25,-0.05672595752837996
2023-01-27,-0.06333542123462255
2023-01-30,-0.057150855163665935
2023-01-31,-0.060509770298606304
2023-02-01,-0.05716080512168285
2023-02-02,-0.0522282764069184
2023-02-03,-0.030533304791885443
2023-02-06,-0.03375805446343464
2023-02-07,-0.03947531487491052
2023-02-08,-0.030905556075922883
2023-02-09,-0.028016698884037395
2023-02-10,-0.02887486014759675
2023-02-13,-0.03095999173832419
2023-02-14,-0.01718245657993626
2023-02-15,-0.013149466350023823
2023-02-16,-0.014421416095896018
2023-02-17,-0.016114383400482626
2023-02-20,-0.018763171837022297
2023-02-21,-0.020294734265635276
2023-02-22,-0.03575253655624488
2023-02-23,-0.040434959050805123
2023-02-24,-0.04395305094482376
2023-02-27,-0.053382610616267444
2023-02-28,-0.06503769595588574
2023-03-01,-0.0590506015747957
2023-03-02,-0.06700023980517779
2023-03-03,-0.04924091934661273
2023-03-06,-0.04268407713861579
2023-03-08,-0.044118290628962976
2023-03-09,-0.050765730155833785
2023-03-10,-0.05977036747166186
2023-03-13,-0.07324643600636785
2023-03-14,-0.07715686383889586
2023-03-15,-0.08342312612548232
2023-03-16,-0.08389226345110579
2023-03-17,-0.08020972894093703
2023-03-20,-0.08843915447403677
2023-03-21,-0.07902439626550666
2023-03-22,-0.07318373454429929
2023-03-23,-0.07488855679072463
2023-03-24,-0.0857534161932041
2023-03-27,-0.0824217244186195
2023-03-28,-0.08699065605276773
2023-03-29,-0.08215017323090539
2023-03-31,-0.06899482679986169
2023-04-03,-0.0678253324632989
2023-04-05,-0.05049018546693788
2023-04-06,-0.040397193372322164
2023-04-10,-0.04112615601009397
2023-04-11,-0.03877215603095131
2023-04-12,-0.034728890262619126
2023-04-13,-0.04009185062919701
2023-04-17,-0.05700804044744474
2023-04-18,-0.05972877792073077
2023-04-19,-0.06090000413076036
2023-04-20,-0.0608734656606352
2023-04-21,-0.05877580786045545
2023-04-24,-0.0586660967735563
2023-04-25,-0.052860543381930296
2023-04-26,-0.05118786410923987
2023-04-27,-0.03732027716071418
2023-04-28,-0.02082798522140721
2023-05-02,-0.02041697077617642
2023-05-03,-0.02799284048186705
2023-05-04,-0.015294619394792177
2023-05-05,-0.024230135423322866
2023-05-08,-0.013754692443853052
2023-05-09,-0.017812797344996013
2023-05-10,-0.015382973814280278
2023-05-11,-0.025990939324336094
2023-05-12,-0.02611414561203786
2023-05-15,-0.018898595184183846
2023-05-16,-0.025820464738751932
2023-05-17,-0.030301122304947508
2023-05-18,-0.03272834781285093
2023-05-19,-0.028791345510072078
2023-05-22,-0.021009790370878422
2023-05-23,-0.021826487829706663
2023-05-24,-0.020485083309085807
2023-05-25,-0.012517731721726915
2023-05-26,-0.00025375121043884477
2023-05-29,0.0
2023-05-30,0.0
2023-05-31,0.0
2023-06-01,-0.003599531233545301
2023-06-02,0.0
2023-06-05,0.0
2023-06-06,-0.000552563945357418
2023-06-07,0.0
2023-06-08,-0.006306654329532862
2023-06-09,-0.009526951132580987
2023-06-12,-0.007192571947966005
2023-06-13,0.0
2023-06-14,-0.0019184051101677902
2023-06-15,-0.002472623442485977
2023-06-16,0.0
2023-06-19,0.0
2023-06-20,-0.0012542968430984999
2023-06-21,0.0
2023-06-22,-0.004668159637773866
2023-06-23,-0.009001883892914333
2023-06-26,-0.010434569227837143
2023-06-27,-0.003091130575314906
2023-06-28,0.0
2023-06-30,0.0
2023-07-03,0.0
2023-07-04,0.0
2023-07-05,-0.0021522568814911244
2023-07-06,0.0
2023-07-07,-0.010855794286135747
2023-07-10,-0.004914020854319269
2023-07-11,0.0
2023-07-12,-0.004061258722159052
2023-07-13,-0.001869988406211325
2023-07-14,0.0
2023-07-17,0.0
2023-07-18,0.0
2023-07-19,0.0
2023-07-20,0.0
2023-07-21,-0.012866650725239152
2023-07-24,-0.01895507411989808
2023-07-25,-0.023983433299498855
2023-07-26,-0.012636464898322456
2023-07-27,-0.015512325658270449
2023-07-28,-0.014576557160320283
2023-07-31,-0.011907341337612194
2023-08-01,-0.01339517435416049
2023-08-02,-0.02478705758173448
2023-08-03,-0.03054109205434935
2023-08-04,-0.02014453004496968
2023-08-07,-0.014779012265773746
2023-08-08,-0.01859677099483723
2023-08-09,-0.014732999815912947
2023-08-10,-0.020048230680374687
2023-08-11,-0.02808865424982934
2023-08-14,-0.024662737279548333
2023-08-16,-0.021787827114266103
2023-08-17,-0.03167257030450837
2023-08-18,-0.03651217266074845
2023-08-21,-0.02646447166778749
2023-08-22,-0.022859794251767346
2023-08-23,-0.02340740365030162
2023-08-24,-0.026409159108023644
2023-08-25,-0.0336082107493741
2023-08-28,-0.030143542402036965
2023-08-29,-0.03140298819708519
2023-08-30,-0.030086158700252153
2023-08-31,-0.03550902754407834
2023-09-01,-0.029153505617671514
2023-09-04,-0.028028155686546787
2023-09-05,-0.01909530757790012
2023-09-06,-0.011034842152761758
2023-09-07,-0.007294209982346352
2023-09-08,-0.0005818978882284801
2023-09-11,0.0
2023-09-12,0.0
2023-09-13,0.0
2023-09-14,0.0
2023-09-15,0.0
2023-09-18,-0.006107898266589793
2023-09-20,-0.017808430093308878
2023-09-21,-0.02080812429208359
2023-09-22,-0.02775135181242084
2023-09-25,-0.02605561660378981
2023-09-26,-0.024622546682800398
2023-09-27,-0.016085178036450303
2023-09-28,-0.023832298206538476
2023-09-29,-0.016550173732652374
2023-10-03,-0.01867354496579441
2023-10-04,-0.023708501879478944
2023-10-05,-0.017837198305219498
2023-10-06,-0.007671455383124424
2023-10-09,-0.015849348997321083
2023-10-10,-0.005721151903166907
2023-10-11,0.0
2023-10-12,-0.0033692068827951014
2023-10-13,-0.005365458563156671
2023-10-16,-0.007978715654572895
2023-10-17,-0.0031261147283541137
2023-10-18,-0.011117223807005881
2023-10-19,-0.016960413477594864
2023-10-20,-0.024215048956767567
2023-10-23,-0.03633065053691618
2023-10-25,-0.04762984418722641
2023-10-26,-0.06568930878620002
2023-10-27,-0.0548929981995702
2023-10-30,-0.04843010958155416
2023-10-31,-0.05764817115384108
2023-11-01,-0.05740697088164604
2023-11-02,-0.048709319445622894
2023-11-03,-0.04435064436193745
2023-11-06,-0.031461603325798906
2023-11-07,-0.03352928186165855
2023-11-08,-0.030623086453078655
2023-11-09,-0.03611267745765894
2023-11-10,-0.03276689941316201
2023-11-13,-0.03390776319333576
2023-11-15,-0.023093284326459816
2023-11-16,-0.01681825492594557
2023-11-17,-0.017766839394874254
2023-11-20,-0.021751775527077695
2023-11-21,-0.015450781048788127
2023-11-22,-0.011255149583391856
2023-11-23,-0.01309357736788874
2023-11-24,-0.015841456698551803
2023-11-28,-0.013143270712678613
2023-11-29,-0.0027857606544138464
2023-11-30,0.0
2023-12-01,0.0
2023-12-04,0.0
2023-12-05,0.0
2023-12-06,0.0
2023-12-07,-0.008579681511700783
2023-12-08,-0.007979360175786637
2023-12-11,-0.006345558598593557
2023-12-12,-0.01610641846379533
2023-12-13,-0.01379909383003104
2023-12-14,0.0
2023-12-15,0.0
2023-12-18,0.0
2023-12-19,0.0
2023-12-20,-0.01550957604197336
2023-12-21,-0.011812816185116645
2023-12-22,-0.0053650169606657165
2023-12-26,-0.005158509374662953
2023-12-27,0.0
2023-12-28,0.0
2023-12-29,-0.002581322697566549
2024-01-01,-0.0037947658898360524
2024-01-02,0.0
2024-01-03,-0.004639653000790824
2024-01-04,0.0
2024-01-05,0.0
2024-01-08,-0.0059340593551019645
2024-01-09,-0.0006926574333966767
2024-01-10,0.0
2024-01-11,-0.0023143867638318215
2024-01-12,0.0
2024-01-15,0.0
2024-01-16,-0.003704433687332783
2024-01-17,-0.02390449719214485
2024-01-18,-0.024684039876468486
2024-01-19,-0.014695832693362354
2024-01-23,-0.028398393677191665
2024-01-24,-0.01381630773250296
2024-01-25,-0.022353803211135725
2024-01-29,-0.0024605797507218415
2024-01-30,-0.026440570377346883
2024-01-31,-0.01932410176431501
2024-02-01,-0.02838903271973531
2024-02-02,-0.02277564933140524
2024-02-05,-0.03249499347870307
2024-02-06,-0.025117200732778042
2024-02-07,-0.024640234953792188
2024-02-08,-0.03454571219532588
2024-02-09,-0.032314505874375635
2024-02-12,-0.039829925738169236
2024-02-13,-0.03542586604017518
2024-02-14,-0.03667615043385843
2024-02-15,-0.037739784149946706
2024-02-16,-0.03200685584885388
2024-02-19,-0.024593777307323633
2024-02-20,-0.02052848078191075
2024-02-21,-0.030312905707906596
2024-02-22,-0.021135712549046438
2024-02-23,-0.02072940909468153
2024-02-26,-0.023508291980468797
2024-02-27,-0.018548506360574372
2024-02-28,-0.02646054350413693
2024-02-29,-0.02713093969337928
2024-03-01,-0.014462698255066601
2024-03-04,-0.01336203593601147
2024-03-05,-0.0178693993987528
2024-03-06,-0.00896693337551884
2024-03-07,-0.004101666273966016
2024-03-11,-0.012893927134523489
2024-03-12,-0.00999343655385711
2024-03-13,-0.01752397726942696
2024-03-14,-0.009323183365347171
2024-03-15,-0.012047217512526054
2024-03-18,-0.010289646761385737
2024-03-19,-0.020218334536950915
2024-03-20,-0.01655076103197799
2024-03-21,-0.008575744443512176
2024-03-22,-0.0008197529881604047
2024-03-26,-0.004279895378680075
2024-03-27,0.0
2024-03-28,0.0
2024-04-01,0.0
2024-04-02,-0.004221158272360964
2024-04-03,-0.0029275301309004006
2024-04-04,-0.0017554316178135477
2024-04-05,-0.006255715429535577
2024-04-08,-0.00010756184152207495
2024-04-09,-0.0016291862587971126
2024-04-10,0.0
2024-04-12,-0.016934349711232366
2024-04-15,-0.028997402687672116
2024-04-16,-0.0388457621429418
2024-04-18,-0.039373823729552636
2024-04-19,-0.027394586859309563
2024-04-22,-0.01576138153643539
2024-04-23,-0.01688623553050962
2024-04-24,-0.016832780449028053
2024-04-25,-0.00847375950064369
2024-04-26,-0.025490982091500268
2024-04-29,-0.017043403893590454
2024-04-30,-0.022609669503478105
2024-05-02,-0.022011871114566435
2024-05-03,-0.03391844945041084
2024-05-06,-0.03527501675928804
2024-05-07,-0.03750521878711166
2024-05-08,-0.03731496450383835
2024-05-09,-0.06411824824437362
2024-05-10,-0.05505601857934727
2024-05-13,-0.05266747933908812
2024-05-14,-0.04645120279069037
2024-05-15,-0.04750223135842572
2024-05-16,-0.03167382634310472
2024-05-17,-0.030879889102747606
2024-05-21,-0.03207316851574368
2024-05-22,-0.02465076121010335
2024-05-23,-0.01082225206275605
2024-05-24,-0.008797352038143164
2024-05-27,-0.010307276690225076
2024-05-28,-0.014120675350979212
2024-05-29,-0.019085534702950373
2024-05-30,-0.030966188786988307
2024-05-31,-0.024358140883813557
2024-06-03,0.0
2024-06-04,-0.06371246407141505
2024-06-05,-0.028307281678951635
2024-06-06,-0.013968265633726483
2024-06-07,0.0
2024-06-10,-0.006035119502093052
2024-06-11,-0.006763778030187699
2024-06-12,-0.001645225250557318
2024-06-13,0.0
2024-06-14,0.0
2024-06-18,0.0
2024-06-19,-0.009612466230070178
2024-06-20,-0.010424368309965066
2024-06-21,-0.01215685012106917
2024-06-24,-0.010178389719416136
2024-06-25,-0.0012126072829485802
2024-06-26,0.0
2024-06-27,0.0
2024-06-28,-0.003067522846044508
2024-07-01,0.0
2024-07-02,0.0
2024-07-03,0.0
2024-07-04,-0.003118780629682194
2024-07-05,-0.0007088755418112942
2024-07-08,0.0
2024-07-09,0.0
2024-07-10,-0.0014085447408190366
2024-07-11,-0.005060226895577157
2024-07-12,0.0
2024-07-15,0.0
2024-07-16,0.0
2024-07-18,0.0
2024-07-19,-0.0092460906796374
2024-07-22,-0.009748287644595606
2024-07-23,-0.009533505935583378
2024-07-24,-0.01259082993370093
2024-07-25,-0.0049936953843924435
2024-07-26,0.0
2024-07-29,-0.000683191707852018
2024-07-30,-0.004127518892570549
2024-07-31,0.0
2024-08-01,0.0
2024-08-02,-0.008927954139136959
2024-08-05,-0.03675866572920527
2024-08-06,-0.03972812171587201
2024-08-07,-0.024070521641504118
2024-08-08,-0.030627168071596676
2024-08-09,-0.021340879361890275
2024-08-12,-0.02171585737650968
2024-08-13,-0.031170615388222328
2024-08-14,-0.027284657148625834
2024-08-16,-0.012281926188917885
2024-08-19,-0.011629623943938178
2024-08-20,-0.007900587676099139
2024-08-21,-0.0041129807256591105
2024-08-22,-0.0015419892573538341
2024-08-23,0.0
2024-08-26,0.0
2024-08-27,0.0
2024-08-28,0.0
2024-08-29,0.0
2024-08-30,0.0
2024-09-02,0.0
2024-09-03,-0.004557967142937487
2024-09-04,-0.0067660735044321255
2024-09-05,-0.010421230670683627
2024-09-06,-0.020612862143249092
2024-09-09,-0.016745933883224044
2024-09-10,-0.011432051494477017
2024-09-11,-0.012546281195907462
2024-09-12,0.0
2024-09-13,-0.0018985871061774494
2024-09-16,-0.004011039856437597
2024-09-17,-0.0005088693373902859
2024-09-18,-2.993979768221769e-05
2024-09-19,0.0
2024-09-20,0.0
2024-09-23,0.0
2024-09-24,0.0
2024-09-25,0.0
2024-09-26,0.0
2024-09-27,-0.0008744131546347747
2024-09-30,-0.01735723771332477
2024-10-01,-0.01965949798776144
2024-10-03,-0.045354347690474105
2024-10-04,-0.05748886153610872
2024-10-07,-0.057872080700546
2024-10-08,-0.050306321416020254
2024-10-09,-0.05520459059742904
2024-10-10,-0.05925776608705384
2024-10-11,-0.057629981320840386
2024-10-14,-0.04773255825984395
2024-10-15,-0.05349833696531928
2024-10-16,-0.05608935954608723
2024-10-17,-0.05875027871378026
2024-10-18,-0.062293190577130036
2024-10-21,-0.0645965403817246
2024-10-22,-0.0747569738776104
2024-10-23,-0.0720179268719362
2024-10-24,-0.07352843626276753
2024-10-25,-0.07967825865222027
2024-10-28,-0.07540117028866947
2024-10-29,-0.07326838960044128
2024-10-30,-0.07799273036356338
2024-10-31,-0.07795220503818281
2024-11-01,-0.07455666842892739
2024-11-04,-0.0910388242268975
2024-11-05,-0.08895838412364791
2024-11-06,-0.07362133338693304
2024-11-07,-0.08562275837493519
2024-11-08,-0.08395157840904514
2024-11-11,-0.08773078918210171
2024-11-12,-0.09603227788958445
2024-11-13,-0.10673000844988899
2024-11-14,-0.108179448979447
2024-11-18,-0.11328850649461032
2024-11-19,-0.11075846443286493
2024-11-21,-0.11837224382272445
2024-11-22,-0.08948791864539585
2024-11-25,-0.07751727926377103
2024-11-26,-0.08025999698611636
2024-11-27,-0.07769175441573828
2024-11-28,-0.09499789714966914
2024-11-29,-0.07885484892650713
2024-12-02,-0.07027106750741746
2024-12-03,-0.066507225443448
2024-12-04,-0.06893845901175365
2024-12-05,-0.05602058317368341
2024-12-06,-0.05861072545656526
2024-12-09,-0.05719444362501815
2024-12-10,-0.05779914509886985
2024-12-11,-0.052723927640565715
2024-12-12,-0.05553259831494889
2024-12-13,-0.040648585132170144
2024-12-16,-0.044808397052458857
2024-12-17,-0.059708510867881585
2024-12-18,-0.06366179236060251
2024-12-19,-0.07413102725420248
2024-12-20,-0.08862599623602835
2024-12-23,-0.07947767671967843
2024-12-24,-0.08065164857635611
2024-12-26,-0.07964889432255592
2024-12-27,-0.0748340713967836
2024-12-30,-0.07977051968446494
2024-12-31,-0.07952684213837301
