Date,Return,Regime
2018-01-02,-0.004881892994882109,0
2018-01-03,-5.101221611198987e-05,1
2018-01-04,0.013580291360889635,0
2018-01-05,0.010377236381964439,1
2018-01-08,0.006997185585274224,0
2018-01-09,0.0005867395461226334,1
2018-01-10,-0.002601719210308845,0
2018-01-11,0.0048822240985701764,1
2018-01-12,-0.0025550291187719783,0
2018-01-15,-0.003317963747714014,1
2018-01-16,-0.007658642787384362,0
2018-01-17,0.01256320428641785,1
2018-01-18,0.0008914485179020775,0
2018-01-19,0.007284822992047236,1
2018-01-22,0.009980918228144103,0
2018-01-23,0.008783667077796653,1
2018-01-24,-0.004761056028258114,0
2018-01-25,-0.004950071015496554,1
2018-01-29,-0.00021030584197825278,0
2018-01-30,-0.005750303918422677,1
2018-01-31,-0.006961811353619328,0
2018-02-01,-0.0007550726753596795,1
2018-02-02,-0.028866738558091645,0
2018-02-05,-0.0011870261487897493,1
2018-02-06,-0.007806982855292832,0
2018-02-07,-0.008085052890845178,1
2018-02-08,0.017887239265158894,0
2018-02-09,-0.015424234612698227,1
2018-02-12,0.0085982060124959,0
2018-02-14,0.00454118404967371,1
2018-02-15,0.0010760735673619902,0
2018-02-16,-0.007620284857872966,1
2018-02-19,-0.01208795865179163,0
2018-02-20,-0.002024435635086691,1
2018-02-21,-0.008194773660932924,0
2018-02-22,0.004636465117287897,1
2018-02-23,0.019699189035793492,0
2018-02-26,0.0038457608438961454,1
2018-02-27,-9.152465608985296e-05,0
2018-02-28,-0.005662481722552987,1
2018-03-01,-0.0027157213757388774,0
2018-03-05,-0.00915652157396658,1
2018-03-06,-0.016006586013370353,0
2018-03-07,-0.013490167135686936,1
2018-03-08,0.006052059053762493,0
2018-03-09,0.0024692989062417127,1
2018-03-12,0.02553963494928476,0
2018-03-13,0.004442073959820042,1
2018-03-14,-0.0008052239145284802,0
2018-03-15,-0.003994048881601036,1
2018-03-16,-0.01987990253571968,0
2018-03-19,-0.016754900372536973,1
2018-03-20,0.008375094210092688,0
2018-03-21,0.014601904023790904,1
2018-03-22,-0.0006965468996258993,0
2018-03-23,-0.011988503410107583,1
2018-03-26,0.017017790348392035,0
2018-03-27,0.00146206333272062,1
2018-03-28,-0.01648516276579301,0
2018-04-02,0.017359160506665357,1
2018-04-03,0.004499064834607896,0
2018-04-04,-0.012914199420247983,1
2018-04-05,0.018223782134297067,0
2018-04-06,-0.0019669900001711644,1
2018-04-09,0.0022779602992238023,0
2018-04-10,0.0019504427268727635,1
2018-04-11,0.006697092428387552,0
2018-04-12,0.0010432891027041646,1
2018-04-13,-0.0014055773722421784,0
2018-04-16,0.0033861577331880605,1
2018-04-17,0.0008571922518674281,0
2018-04-18,0.0024720971493882088,1
2018-04-19,0.008397294445949744,0
2018-04-20,0.0010651934657121172,1
2018-04-23,0.004492033933060996,0
2018-04-24,0.007221734336417435,1
2018-04-25,-0.0004200556658233871,0
2018-04-26,-0.00072401944104995,1
2018-04-27,0.011759114569155526,0
2018-04-30,0.004118901475154473,1
2018-05-02,0.0020790935495291706,0
2018-05-03,-0.005397233948691987,1
2018-05-04,-0.015180098765193481,0
2018-05-07,0.010520046754975329,1
2018-05-08,-0.0076849142960575935,0
2018-05-09,0.0013687061722251809,1
2018-05-10,-0.0011920694254715708,0
2018-05-11,-0.005943052278239236,1
2018-05-14,0.0008864880722454948,0
2018-05-15,-0.0007708306705317082,1
2018-05-16,-0.004495661210248125,0
2018-05-17,0.004361806165578002,1
2018-05-18,-0.006796495175997497,0
2018-05-21,-0.012998809126383366,1
2018-05-22,0.006744170020896029,0
2018-05-23,-0.014534889515374084,1
2018-05-24,0.01964462519701162,0
2018-05-25,0.010147508769698665,1
2018-05-28,0.014726183161398997,0
2018-05-29,-0.0008693819654809589,1
2018-05-30,-0.0022871299371053366,0
2018-05-31,0.005598992711937023,1
2018-06-01,0.00040956132828082214,0
2018-06-04,-0.010092896067652263,1
2018-06-05,-0.005405316756732515,0
2018-06-06,0.021998396735136004,1
2018-06-07,0.006060383399045576,0
2018-06-08,0.01137855211021438,1
2018-06-11,0.011119535988981532,0
2018-06-12,0.0039217984775909535,1
2018-06-13,-0.0026844100287608578,0
2018-06-14,0.0033409683031209165,1
2018-06-15,0.009003961822245474,0
2018-06-18,-0.008808389059377196,1
2018-06-19,-0.006924678856252557,0
2018-06-20,0.005596399637479949,1
2018-06-21,-0.005737898669853896,0
2018-06-22,0.016604838611672203,1
2018-06-25,-0.0005747368778687041,0
2018-06-26,-0.0005111943386780007,1
2018-06-27,-0.008931002535111475,0
2018-06-28,-0.006134582807409017,1
2018-06-29,0.015137103816139563,0
2018-07-02,-0.010680078762283385,1
2018-07-03,0.009717722175625693,0
2018-07-04,0.005538700201050633,1
2018-07-05,-0.009921955459939229,0
2018-07-06,0.0011357335741950135,1
2018-07-09,0.011946919628550818,0
2018-07-10,0.00936518342344082,1
2018-07-11,-0.0015111586502295597,0
2018-07-12,0.013124380103215233,1
2018-07-13,0.0030442180878986983,0
2018-07-16,-0.01490580817902271,1
2018-07-17,0.0035564118816729827,0
2018-07-18,-0.0017050124508302788,1
2018-07-19,0.004605405714751521,0
2018-07-20,0.025171719037280015,1
2018-07-23,0.012350805227704603,0
2018-07-24,0.004418660759219555,1
2018-07-25,-0.0016527646299328012,0
2018-07-26,-0.0010892912706984832,1
2018-07-27,0.017112234966222602,0
2018-07-30,0.0028049270438066203,1
2018-07-31,0.01140976256295027,0
2018-08-01,0.00029178349792692896,1
2018-08-02,-0.012219225470907655,0
2018-08-03,0.006799658026015436,1
2018-08-06,0.0029455329043648615,0
2018-08-07,0.0008082541684388605,1
2018-08-08,0.010383904791812164,0
2018-08-09,-0.006987119400644065,1
2018-08-10,-0.007189610786028821,0
2018-08-13,0.00019385744451672028,1
2018-08-14,0.016239424197798242,0
2018-08-16,0.005186848265834643,1
2018-08-17,0.005074903032144279,0
2018-08-20,0.010038604571314292,1
2018-08-21,0.0040582446604283725,0
2018-08-23,0.008719446338349895,1
2018-08-24,-0.005124072212822284,0
2018-08-27,0.01337171481047451,1
2018-08-28,0.002327673394316432,0
2018-08-29,-0.0034613332762415292,1
2018-08-30,0.005135027720262636,0
2018-08-31,0.0007053399717023459,1
2018-09-03,-0.011261361204985337,0
2018-09-04,0.0008395244131626288,1
2018-09-05,-0.006828741322725306,0
2018-09-06,0.005646280428764677,1
2018-09-07,0.01085054752414711,0
2018-09-10,-0.02071210592089547,1
2018-09-11,-0.016219258904288214,0
2018-09-12,0.015262186096530916,1
2018-09-14,0.011259337307161419,0
2018-09-17,-0.019938592110604815,1
2018-09-18,-0.010077326155979277,0
2018-09-19,-0.008086396021713406,1
2018-09-21,-0.009955000255139627,0
2018-09-24,-0.018927693956547538,1
2018-09-25,0.013723399715890178,0
2018-09-26,0.000693329413103205,1
2018-09-27,-0.011241634745505175,0
2018-09-28,-0.010231017346581266,1
2018-10-01,-0.0003488421045883764,0
2018-10-03,-0.013954011950148724,1
2018-10-04,-0.03547652068973009,2
2018-10-05,-0.03130599323103349,2
2018-10-08,-0.0019734292014520153,0
2018-10-09,0.0006072748528715588,1
2018-10-10,0.021410558585725402,0
2018-10-11,-0.03189079448333547,1
2018-10-12,0.028950605373759198,0
2018-10-15,0.014003922643339207,1
2018-10-16,0.00471150499470917,0
2018-10-17,-0.01573909477083149,1
2018-10-19,-0.007974761863700077,0
2018-10-22,-0.007425371484636134,1
2018-10-23,-0.019004985600877777,0
2018-10-24,0.03151902076755275,1
2018-10-25,-0.016037178681907197,0
2018-10-26,-0.005804040612306588,1
2018-10-29,0.02153484613629215,0
2018-10-30,-0.00837560406250381,1
2018-10-31,0.01673199027666653,0
2018-11-01,-0.002384199727693148,1
2018-11-02,0.013499248105824674,0
2018-11-05,0.0009383445029299498,1
2018-11-06,0.0032631730854763615,0
2018-11-07,0.0074389442430827235,1
2018-11-09,-0.005612388256722233,0
2018-11-12,-0.014591751512332113,1
2018-11-13,0.0019386120543998017,0
2018-11-14,-0.01023724842181537,1
2018-11-15,0.005552040564595351,0
2018-11-16,0.025522103192017098,1
2018-11-19,0.012863367390723295,0
2018-11-20,-0.007585506855149549,1
2018-11-21,-0.004623249604433432,0
2018-11-22,-0.008899693146952815,1
2018-11-26,0.00799113120268033,0
2018-11-27,0.00306336831841903,1
2018-11-28,-0.0030251067243167178,0
2018-11-29,0.0155672461465172,1
2018-11-30,0.003950844866842934,0
2018-12-03,-0.013915600644491759,1
2018-12-04,-0.003149078458212723,0
2018-12-05,-0.021367985117543828,1
2018-12-06,-0.015297556589198956,0
2018-12-07,0.008210705581168903,1
2018-12-10,-0.02989373836750736,0
2018-12-11,0.010078964925032383,1
2018-12-12,0.02486872391422281,0
2018-12-13,0.00258919113981017,1
2018-12-14,0.008056308828396893,0
2018-12-17,0.0017335849412327634,1
2018-12-18,0.007855659975125034,0
2018-12-19,0.0029253867108087702,1
2018-12-20,0.0003199689764772976,0
2018-12-21,-0.02202360568037721,1
2018-12-24,-0.00631147322932592,0
2018-12-26,0.00726031698512343,1
2018-12-27,0.005698890098323856,0
2018-12-28,0.012152024718273084,1
2018-12-31,-0.00017309192096292593,0
2019-01-01,0.009320881591699415,1
2019-01-02,-0.008623864162676402,0
2019-01-03,-0.009686706540721485,1
2019-01-04,0.0026802720420635306,0
2019-01-07,0.0022089985134685517,1
2019-01-08,0.006599813982865111,0
2019-01-09,0.008705497862412969,1
2019-01-10,-0.0006407002142506946,0
2019-01-11,-0.0007712628212499351,1
2019-01-14,0.001132120072222886,0
2019-01-15,0.019965976842055547,1
2019-01-16,-0.0015279122966325833,0
2019-01-17,-0.01149521567215998,1
2019-01-18,-0.020066616703959827,0
2019-01-21,0.01574228637087549,1
2019-01-22,0.003542871861971308,0
2019-01-23,-0.007920300192728602,1
2019-01-24,-0.0003009652577516454,0
2019-01-25,-0.0013017115433155645,1
2019-01-28,-0.01702888134069993,0
2019-01-29,0.003897206048837009,1
2019-01-30,-0.002433238873966326,0
2019-01-31,0.018297651868082174,1
2019-02-01,0.013121615151119873,0
2019-02-04,-0.005708780620251763,1
2019-02-05,-0.001834457645057741,0
2019-02-06,0.016451718021133977,1
2019-02-07,0.00373831642434087,0
2019-02-08,-0.00796946118792743,1
2019-02-11,-0.00637673391634968,0
2019-02-12,-0.003318456319357187,1
2019-02-14,-0.012475412130031008,0
2019-02-15,-0.0017252602952277487,1
2019-02-18,-0.01122551536168932,0
2019-02-19,-0.0011661479397105103,1
2019-02-20,0.018033439954045376,0
2019-02-21,0.006887689948574726,1
2019-02-22,-0.0026407182845427203,0
2019-02-25,0.011847603365243542,1
2019-02-26,-0.007769327421514454,0
2019-02-27,0.00338155941845053,1
2019-02-28,0.0014027061282562093,0
2019-03-01,0.000841998325353815,1
2019-03-05,0.008162575193927483,0
2019-03-06,0.012340293020786243,1
2019-03-07,0.0008712694377668254,0
2019-03-08,0.0007858029768683941,1
2019-03-11,0.02036756362469918,0
2019-03-12,0.02032609689661163,1
2019-03-13,-0.0012554591471731933,0
2019-03-14,0.003820192401235456,1
2019-03-15,0.0014490749293744722,0
2019-03-18,0.002224447028142934,1
2019-03-19,0.010274189798556415,0
2019-03-20,0.004514918294451409,1
2019-03-22,-0.005315710888047859,0
2019-03-25,-0.010783178865025805,1
2019-03-26,0.010503562982615972,0
2019-03-27,-0.006640776868661902,1
2019-03-28,0.018295420238386137,0
2019-04-01,0.015285298798118593,1
2019-04-02,0.006298638465140998,0
2019-04-03,-0.012786359070116387,1
2019-04-04,-0.0020079216559571126,0
2019-04-05,0.007070915742748601,1
2019-04-08,-0.008429103132323711,0
2019-04-09,0.0017115877347966659,1
2019-04-10,-0.011527681428108335,0
2019-04-11,0.0059075163392858735,1
2019-04-12,4.709771177191399e-06,0
2019-04-15,-0.0022672533845929706,1
2019-04-16,0.00654713402316719,0
2019-04-18,-0.002562691214325691,1
2019-04-22,-0.009443476776897473,0
2019-04-23,0.0062977623528805765,1
2019-04-24,0.01662911385175475,0
2019-04-25,-0.007663599548239263,1
2019-04-26,0.0062574724648762625,0
2019-04-30,-0.002029982731284385,1
2019-05-02,0.004424936057009277,0
2019-05-03,0.0026176262058115463,1
2019-05-06,-0.008839413079393026,0
2019-05-07,-0.010858346818874326,1
2019-05-08,-0.016274055694729946,0
2019-05-09,-0.00804639054020055,1
2019-05-10,-0.0011768523150606398,0
2019-05-13,-0.026393314878415453,1
2019-05-14,0.021587895326099144,0
2019-05-15,-1.2617667930637372e-06,1
2019-05-16,0.009853704956409748,0
2019-05-17,0.017374554109144864,1
2019-05-20,0.035494705152786146,0
2019-05-21,-0.00841592732394767,1
2019-05-22,0.008697108468447876,0
2019-05-23,-0.0157969209296388,1
2019-05-24,0.024210834036011215,0
2019-05-27,0.001569413851907181,1
2019-05-28,-0.000939497339721296,0
2019-05-29,-0.002706601500894518,1
2019-05-30,0.008151198269537979,0
2019-05-31,-0.0060909322844840234,1
2019-06-03,0.013077177847769782,0
2019-06-04,-0.003065543945372473,1
2019-06-06,-0.016716412359345532,0
2019-06-07,0.0023709967651480753,1
2019-06-10,0.011173652777941506,0
2019-06-11,-0.0018246214840323457,1
2019-06-12,-0.0053836752399618205,0
2019-06-13,0.004207047193749724,1
2019-06-14,-0.006964147462585951,0
2019-06-17,-0.019001243121037348,1
2019-06-18,0.002818522891738186,0
2019-06-19,-0.0006144081305901496,1
2019-06-20,0.0205739473352025,0
2019-06-21,-0.012542104621862638,1
2019-06-24,-0.001536322940517498,0
2019-06-25,0.009683034035494326,1
2019-06-26,0.007460670253246598,0
2019-06-27,-0.0033588391396157605,1
2019-06-28,-0.002843359412172913,0
2019-07-01,0.008419299484178721,1
2019-07-02,0.002648625515036261,0
2019-07-03,0.0013740886847352473,1
2019-07-04,0.0036227515911774763,0
2019-07-05,-0.012767038040106354,1
2019-07-08,-0.03202146840291911,0
2019-07-09,0.021161981031076096,1
2019-07-10,-0.008351559665612324,0
2019-07-11,0.007721624967106055,1
2019-07-12,-0.0045600953060392245,0
2019-07-15,0.01030470612663394,1
2019-07-16,0.010865063808660591,0
2019-07-17,-0.0016047689387970522,1
2019-07-18,-0.006521213112605051,0
2019-07-19,-0.019294041147122024,1
2019-07-22,-0.0035103104138489052,0
2019-07-23,0.004087909443959737,1
2019-07-24,-0.010018594239269474,0
2019-07-25,-0.006534919220776686,1
2019-07-26,0.009325771122141129,0
2019-07-29,-0.00911297508777738,1
2019-07-30,-0.004085559608206474,0
2019-07-31,0.0027535572027836634,1
2019-08-01,-0.01722788250665129,0
2019-08-02,0.010141406675255545,1
2019-08-05,-0.011376055661837308,0
2019-08-06,0.011494040563669015,1
2019-08-07,-0.007714596809307167,0
2019-08-08,0.02168577151289242,1
2019-08-09,0.004984201381454456,0
2019-08-13,-0.015012599696362794,1
2019-08-14,0.007699713917888085,0
2019-08-16,0.002796166427489138,1
2019-08-19,0.005402317412025348,0
2019-08-20,-0.005761030879997298,1
2019-08-21,-0.009793409112233248,0
2019-08-22,-0.01836084482842754,1
2019-08-23,0.009822170073749931,0
2019-08-26,0.020955631576374686,1
2019-08-27,-0.0022184176348049142,0
2019-08-28,-0.003650721121951534,1
2019-08-29,-0.000633357843683369,0
2019-08-30,0.011933107036157277,1
2019-09-03,-0.023968805410215267,0
2019-09-04,0.004937056881936978,1
2019-09-05,0.007899386601786407,0
2019-09-06,0.00754251243101034,1
2019-09-09,0.009681705376053507,0
2019-09-11,-0.004142823560565783,1
2019-09-12,-0.006975046921062999,0
2019-09-13,0.0012788745199846072,1
2019-09-16,-0.004042454838482145,0
2019-09-17,-0.014097751838578037,1
2019-09-18,-0.0002573608760994049,0
2019-09-19,-0.010968644455295391,1
2019-09-20,0.05822871202083755,2
2019-09-23,0.028793756514875157,2
2019-09-24,0.004285253466467309,1
2019-09-25,-0.015203795306799928,0
2019-09-26,0.01192704330035012,1
2019-09-27,0.0019424729984754687,0
2019-09-30,0.012109465269357115,1
2019-10-01,-0.015726498437948606,0
2019-10-03,-0.004262761433165062,1
2019-10-04,-0.014197079224089871,0
2019-10-07,-0.008429056077836687,1
2019-10-09,0.02012692746082666,0
2019-10-10,0.004193812713656147,1
2019-10-11,0.008361222169618003,0
2019-10-14,-0.00026532847677421863,1
2019-10-15,-0.0004742712724454316,0
2019-10-16,0.005058462517585478,1
2019-10-17,0.007780844966955114,0
2019-10-18,0.006052453672110624,1
2019-10-22,-0.02835106603121981,0
2019-10-23,-0.0037483470477061797,1
2019-10-24,0.00423676620129635,0
2019-10-25,0.001460079840664619,1
2019-10-27,0.00564456537493822,0
2019-10-29,0.007705563033979173,1
2019-10-30,0.013269455110897048,0
2019-10-31,0.006097216826556134,1
2019-11-01,0.00317013276529356,0
2019-11-04,0.007982984579552172,1
2019-11-05,0.00027379479385482037,0
2019-11-06,-0.0022109193637318506,1
2019-11-07,0.011609657899831493,0
2019-11-08,-0.01878034071216656,1
2019-11-11,-0.0017048884719030543,0
2019-11-13,-0.010151859922032335,1
2019-11-14,0.0019330681917795957,0
2019-11-15,0.012376826957054027,1
2019-11-18,0.004281921935936112,0
2019-11-19,0.018101899510747865,1
2019-11-20,0.014352931601222745,0
2019-11-21,-0.00670550493723615,1
2019-11-22,-0.007822363281432756,0
2019-11-25,0.01914292563234651,1
2019-11-26,-0.012942006975584565,0
2019-11-27,0.001825813370441998,1
2019-11-28,0.002332952474844152,0
2019-11-29,-0.006616730036928337,1
2019-12-02,-0.0013825966326577563,0
2019-12-03,-0.005022496263542736,1
2019-12-04,0.0007958831239328946,0
2019-12-05,-0.002228099956035573,1
2019-12-06,-0.008095235495357138,0
2019-12-09,-0.0015866035978609582,1
2019-12-10,-0.0018594353952404328,0
2019-12-11,0.002074199291227019,1
2019-12-12,0.0017106197386675959,0
2019-12-13,0.0069188543867580166,1
2019-12-16,-0.009612665814533228,0
2019-12-17,0.016823192820108326,1
2019-12-18,0.009629270551396051,0
2019-12-19,0.0018693273440127667,1
2019-12-20,-2.0962134897834026e-05,0
2019-12-23,-0.0019072298335359396,1
2019-12-24,-0.005178209833400454,0
2019-12-26,-0.013919772113116834,1
2019-12-27,0.013541358233979827,0
2019-12-30,0.004242839333545196,1
2019-12-31,-0.006246027469043791,0
2020-01-01,0.0027669607875681233,1
2020-01-02,0.009598555383544049,0
2020-01-03,-0.0002016218533389064,1
2020-01-06,-0.02276005967894233,0
2020-01-07,0.004138800711919649,1
2020-01-08,-0.0034395137732724573,0
2020-01-09,0.014044948569765065,1
2020-01-10,0.006866382839548445,0
2020-01-13,0.014083496882806183,1
2020-01-14,0.0026100639706162334,0
2020-01-15,-0.0024722059461723903,1
2020-01-16,0.0025674808137232325,0
2020-01-17,0.011587834051242156,1
2020-01-20,-0.007297098777261696,0
2020-01-21,-0.005531015431277685,1
2020-01-22,0.00041641616461979297,0
2020-01-23,0.010191733779712626,1
2020-01-24,0.004309352647159991,0
2020-01-27,-0.013249584045662465,1
2020-01-28,-0.008419237629199801,0
2020-01-29,0.016691630510444373,1
2020-01-30,-0.012372323192570304,0
2020-01-31,-0.004165591316181244,1
2020-02-03,-0.03705805289707748,0
2020-02-04,0.030503722899856964,1
2020-02-05,0.010874158230915148,0
2020-02-06,0.006617002015346457,1
2020-02-07,-0.005611757307625231,0
2020-02-10,-0.006092581751458298,1
2020-02-11,0.0025703664146373645,0
2020-02-12,0.006495210367871223,1
2020-02-13,0.002746878403650355,0
2020-02-14,0.001359956503708065,1
2020-02-17,-0.00724785445761411,0
2020-02-18,-0.004900863241871661,1
2020-02-19,0.008077793438998178,0
2020-02-20,-0.0020094104339817066,1
2020-02-24,-0.020199757209493706,0
2020-02-25,-0.00784073358513932,1
2020-02-26,-0.017542408927110786,0
2020-02-27,0.00032972814278878736,1
2020-02-28,-0.038270199666371164,2
2020-03-02,-0.01069403741630004,2
2020-03-03,0.02008459403131961,2
2020-03-04,-0.00995706286658745,2
2020-03-05,0.001781788972373693,2
2020-03-06,-0.025179782507647144,2
2020-03-09,-0.056795366046500026,2
2020-03-11,-0.00043285052125547436,2
2020-03-12,-0.09854583561917674,2
2020-03-13,0.056974090872784044,2
2020-03-16,-0.08651043033589986,2
2020-03-17,-0.02386445563559289,2
2020-03-18,-0.06250469867432894,2
2020-03-19,-0.010261967278015358,2
2020-03-20,0.0609514339157775,2
2020-03-23,-0.16572905391470705,2
2020-03-24,0.03908697207437361,2
2020-03-25,0.07519853903421671,2
2020-03-26,0.06059220672388355,2
2020-03-27,-0.011363805444294961,2
2020-03-30,-0.059708628183885525,2
2020-03-31,0.045256804953794465,2
2020-04-01,-0.04024899797412392,2
2020-04-03,0.017167595452723082,2
2020-04-07,0.09102347116235533,2
2020-04-08,0.0034689680851798244,2
2020-04-09,0.046267321518659546,2
2020-04-13,-0.007300817059068964,1
2020-04-15,-0.012629281314890899,0
2020-04-16,0.009126197705577044,1
2020-04-17,0.02289770335562295,0
2020-04-20,0.007021910334308451,1
2020-04-21,-0.027910129362688052,0
2020-04-22,0.021754035362765663,1
2020-04-23,0.011355718983155174,0
2020-04-24,-0.01236909857924273,1
2020-04-27,0.008495302450193254,0
2020-04-28,0.005298102402380259,1
2020-04-29,0.02524342993741985,2
2020-04-30,0.023057430698376638,2
2020-05-04,-0.047941395177054466,2
2020-05-05,-0.011548804354100974,1
2020-05-06,0.007729198783203689,0
2020-05-07,-0.013016588126113665,1
2020-05-08,0.007874301335499611,0
2020-05-11,0.001884205470152145,1
2020-05-12,0.005136308573540026,0
2020-05-13,0.019956881735432724,1
2020-05-14,-0.025818143104614777,0
2020-05-15,-0.000557646319252952,1
2020-05-18,-0.03433061803828504,0
2020-05-19,0.0183131672364627,1
2020-05-20,0.028826781921168457,0
2020-05-21,0.010259113065662597,1
2020-05-22,-0.009611576591294042,0
2020-05-26,-0.011909051694940343,1
2020-05-27,0.02887026213225657,0
2020-05-28,0.02206013022958645,1
2020-05-29,0.011138133631616615,0
2020-06-01,0.02989423557987136,1
2020-06-02,0.02079624808892925,0
2020-06-03,0.007908304854205878,1
2020-06-04,0.005277415760602944,0
2020-06-05,0.015823096083713874,1
2020-06-08,0.0051416624673270165,0
2020-06-09,-0.013253118483363547,1
2020-06-10,0.0019421737910072345,0
2020-06-11,-0.03312024297742583,1
2020-06-12,0.015137022593911788,0
2020-06-15,-0.019821860816608184,1
2020-06-16,0.005649806196863888,0
2020-06-17,0.0015892989778647502,1
2020-06-18,0.025688201621484746,0
2020-06-19,0.02234852628691935,1
2020-06-22,0.011812160829929369,0
2020-06-23,0.025456320226385727,1
2020-06-24,-0.014066649519679113,0
2020-06-25,0.0068587273499012575,1
2020-06-26,0.00716716242253491,0
2020-06-29,-0.0044429767308984515,1
2020-06-30,-0.009215877840595481,0
2020-07-01,0.013113659168924199,1
2020-07-02,0.014872295339273596,0
2020-07-03,0.008879943232604137,1
2020-07-06,0.021778019552120026,0
2020-07-07,0.0075271609749411935,1
2020-07-08,-0.010821578632970171,0
2020-07-09,0.012953026441998066,1
2020-07-10,0.0035308178461446686,0
2020-07-13,0.007237109093090094,1
2020-07-14,-0.014335166168304953,0
2020-07-15,-0.0029551455184462505,1
2020-07-16,0.01736404682551378,0
2020-07-17,0.016957920843861905,1
2020-07-20,0.011388657417754498,0
2020-07-21,-0.0027954469331633366,1
2020-07-22,-0.0038988388988995034,0
2020-07-23,0.0074884088182915805,1
2020-07-24,0.0034772522853990517,0
2020-07-27,-0.00977767326207954,1
2020-07-28,0.01245761086876153,0
2020-07-29,-0.001871425051822989,1
2020-07-30,-0.006160024092685999,0
2020-07-31,0.005190518176425912,1
2020-08-03,-0.019938338323159076,0
2020-08-04,0.023685412006483886,1
2020-08-05,0.00028972343675406394,0
2020-08-06,0.012350651890354588,1
2020-08-07,0.0027706761462367117,0
2020-08-10,0.01226422623066669,1
2020-08-11,0.004048451309865636,0
2020-08-12,-0.005959255772158089,1
2020-08-13,-0.0037087488551316673,0
2020-08-14,-0.011382256901087162,1
2020-08-17,0.0028440990340352352,0
2020-08-18,0.0096838495887499,1
2020-08-19,0.004079009330348421,0
2020-08-20,-0.01261174939277725,1
2020-08-21,0.0033900746169719274,0
2020-08-24,0.011394612061129713,1
2020-08-25,-0.00011182767218060382,0
2020-08-26,-0.00014878272111734092,1
2020-08-27,-0.0023119428201148146,0
2020-08-28,0.012627902512475874,1
2020-08-31,-0.032473908468553164,0
2020-09-01,0.017346252469203773,1
2020-09-02,0.006634871144793597,0
2020-09-03,-0.0014259242339313143,1
2020-09-04,-0.02163123776762942,0
2020-09-07,-0.005341279949222404,1
2020-09-08,-0.0074911962935277476,0
2020-09-09,-0.004022053903759692,1
2020-09-10,0.015428785788394541,0
2020-09-11,-0.0021800179756417018,1
2020-09-14,-0.01443095136027457,0
2020-09-15,0.013498382912827378,1
2020-09-16,0.010319837231332434,0
2020-09-17,-0.010729880358458376,1
2020-09-18,0.003310737245565648,0
2020-09-21,-0.02918209067448585,1
2020-09-22,-0.009598689643536823,0
2020-09-23,-0.012144879350035293,1
2020-09-24,-0.039225458106250395,2
2020-09-25,0.03343216216160454,2
2020-09-28,0.023840414397380896,0
2020-09-29,-0.0073758650436796915,1
2020-09-30,-0.0029630619595608088,0
2020-10-01,0.017695111815428533,1
2020-10-05,0.001766184736194754,0
2020-10-06,0.009013931594364775,1
2020-10-07,-0.004398276509393901,0
2020-10-08,0.007300978712237882,1
2020-10-09,0.008629945200375161,0
2020-10-12,0.0018245406116932205,1
2020-10-13,-0.00438144042412586,0
2020-10-14,0.00398616480300954,1
2020-10-15,-0.0367721204292949,0
2020-10-16,0.006520102425440527,1
2020-10-19,0.003312500759871967,0
2020-10-20,0.007726586214474383,1
2020-10-21,0.008414821907831127,0
2020-10-22,0.003882461181380436,1
2020-10-23,0.005313759829604269,0
2020-10-26,-0.014840943194953004,1
2020-10-27,0.009529324389213435,0
2020-10-28,-0.007337865022211747,1
2020-10-29,-0.012955916213915076,0
2020-10-30,-0.0056647585950636015,1
2020-11-02,0.008451973112641422,0
2020-11-03,0.013875441111613705,1
2020-11-04,0.020433152115358708,0
2020-11-05,0.024478423814950523,1
2020-11-06,0.009502857530354259,0
2020-11-09,0.019318673163217854,1
2020-11-10,0.023723828392111644,0
2020-11-11,0.01792213424399769,1
2020-11-12,0.002613249895994247,0
2020-11-13,-0.0018577226839786188,1
2020-11-14,0.00858922869847587,0
2020-11-17,0.010469786161766493,1
2020-11-18,0.006579818299712324,0
2020-11-19,-0.013778458379755755,1
2020-11-20,0.010843774067906731,0
2020-11-23,0.01042056686482365,1
2020-11-24,0.011889394584146656,0
2020-11-25,-0.02302649701627732,1
2020-11-26,0.010934217900845472,0
2020-11-27,-0.001386661998612132,1
2020-12-01,0.017953928286760682,0
2020-12-02,0.0008253387487537566,1
2020-12-03,-0.0020939445260324922,0
2020-12-04,0.015724194368762046,1
2020-12-07,0.013687284403563402,0
2020-12-08,-0.002079517426578997,1
2020-12-09,0.013810254566316722,0
2020-12-10,-0.0002320213692354185,1
2020-12-11,0.004113748562490693,0
2020-12-14,0.008056249001427129,1
2020-12-15,0.003494198497190494,0
2020-12-16,0.012239307223519569,1
2020-12-17,0.006137040288225376,0
2020-12-18,0.0012766280243141689,1
2020-12-21,-0.04081081099296373,0
2020-12-22,0.015278949634974476,1
2020-12-23,0.014341500563949217,0
2020-12-24,0.01444508894435369,1
2020-12-28,0.0076877352758021435,0
2020-12-29,0.003120120109412339,1
2020-12-30,0.002101360191540602,0
2020-12-31,-0.00215503867609772,1
2021-01-01,0.006287738670842413,0
2021-01-04,0.005129908666782212,1
2021-01-05,-0.006333022252813581,0
2021-01-06,-0.008208192067547167,1
2021-01-07,0.004284524381927301,0
2021-01-08,0.015599131517858876,1
2021-01-11,0.0038426225654641035,0
2021-01-12,0.014301997503764985,1
2021-01-13,0.00038632945367873556,0
2021-01-14,0.005422224611097103,1
2021-01-15,0.0005861343629257942,0
2021-01-18,-0.013692634894625577,1
2021-01-19,0.02112616473697239,0
2021-01-20,0.006043297442744138,1
2021-01-21,-0.004986447526362758,0
2021-01-22,-0.01713388474412108,1
2021-01-25,-0.00784823302108951,0
2021-01-27,-0.018608488159166974,1
2021-01-28,-0.015347032887533467,0
2021-01-29,-0.009766777481154568,1
2021-02-01,0.0566955300584297,2
2021-02-02,0.03464236494840469,2
2021-02-03,0.012479049749581222,1
2021-02-04,0.014499087331202214,0
2021-02-05,-0.0007494175918709439,1
2021-02-08,0.012329867350455942,0
2021-02-09,-0.0035803682395448132,1
2021-02-10,-0.003950942377517619,0
2021-02-11,0.010426965606426409,1
2021-02-12,-0.01151823261547703,0
2021-02-15,0.012440794676997286,1
2021-02-16,0.0020508020430287646,0
2021-02-17,-0.007293439896476177,1
2021-02-18,-0.010598086262886818,0
2021-02-19,-0.010083113918840368,1
2021-02-22,-0.024755079388339405,0
2021-02-23,0.005175697643662486,1
2021-02-24,0.021936729136413737,0
2021-02-25,0.007081331437108351,1
2021-02-26,-0.04027487956531856,0
2021-03-01,0.0066191455162573735,1
2021-03-02,0.015485926327293762,0
2021-03-03,0.024576340432486497,1
2021-03-04,-0.014846479477782564,0
2021-03-05,-0.009088400811877206,1
2021-03-08,0.002354268336212283,0
2021-03-09,0.005512160313237074,1
2021-03-10,0.009952085856200832,0
2021-03-12,-0.0077244763034466585,1
2021-03-15,-0.012789290855230999,0
2021-03-16,-1.6738482236367024e-05,1
2021-03-17,-0.013893938628353732,0
2021-03-18,-0.006229089492950474,1
2021-03-19,0.012838394870959084,0
2021-03-22,0.000534228791182883,1
2021-03-23,0.0022732677425822247,0
2021-03-24,-0.0202126792246025,1
2021-03-25,-0.021894703884735543,0
2021-03-26,0.01497796149937913,1
2021-03-30,0.0223976447060735,0
2021-03-31,-0.009775334751294055,1
2021-04-01,0.01419899478610583,0
2021-04-05,-0.01973551262661145,1
2021-04-06,0.0032184165083407826,0
2021-04-07,0.0106281124621155,1
2021-04-08,-0.0017376213401225917,0
2021-04-09,-0.003043166257406093,1
2021-04-12,-0.046011693356753966,2
2021-04-13,0.021045005467881694,0
2021-04-15,-0.0009496587301501653,1
2021-04-16,-0.0006344305350690694,0
2021-04-19,-0.01983280458161411,1
2021-04-20,0.00401804645827199,0
2021-04-22,0.007482881425693423,1
2021-04-23,-0.008391321516790905,0
2021-04-26,0.007046765024196938,1
2021-04-27,0.020266357932140367,0
2021-04-28,0.021618769795834117,1
2021-04-29,0.003953103848313816,0
2021-04-30,-0.011523477429514272,1
2021-05-03,0.0063107922414293305,0
2021-05-04,-0.013255543514481842,1
2021-05-05,0.012891922746400691,0
2021-05-06,0.003234542183014455,1
2021-05-07,0.004460181241472871,0
2021-05-10,0.00996583861909232,1
2021-05-11,-0.005481021738087016,0
2021-05-12,-0.007463655507807931,1
2021-05-14,0.005672861144993717,0
2021-05-17,0.005239231829501412,1
2021-05-18,0.01292153378106493,0
2021-05-19,-0.005697466586874903,1
2021-05-20,-0.009902068844284028,0
2021-05-21,0.017016022236235252,1
2021-05-24,0.0018893374317065618,0
2021-05-25,-0.0015563905286801291,1
2021-05-26,0.011948471769771651,0
2021-05-27,-0.0019547972480497226,1
2021-05-28,0.005007563942360804,0
2021-05-31,0.011250353547173896,1
2021-06-01,0.0034937592234395684,0
2021-06-02,-0.0030807933724718945,1
2021-06-03,0.01020232806666034,0
2021-06-04,0.0009465118981735194,1
2021-06-07,0.0015333641382999144,0
2021-06-08,0.005021340636541426,1
2021-06-09,-0.01168634850018486,0
2021-06-10,0.01666611013967728,1
2021-06-11,0.0037212476982410973,0
2021-06-14,0.004271211651510088,1
2021-06-15,0.0012195275497103918,0
2021-06-16,-0.008405703761578287,1
2021-06-17,-0.005852098541624262,0
2021-06-18,0.0054705628768727576,1
2021-06-21,0.0019911448657347285,0
2021-06-22,-0.0006849461692594432,1
2021-06-23,-0.005939024964029665,0
2021-06-24,0.005269933625917023,1
2021-06-25,0.0064924559261057835,0
2021-06-28,-0.005344244104836548,1
2021-06-29,-0.0023534339192630813,0
2021-06-30,0.0002787472387174252,1
2021-07-01,-0.004695964845583928,0
2021-07-02,0.0019903399864691917,1
2021-07-05,0.00860306246779366,0
2021-07-06,0.0017695364616810926,1
2021-07-07,0.004107464169710029,0
2021-07-08,-0.012157298300433843,1
2021-07-09,6.148594977162228e-05,0
2021-07-12,-0.003452035585594869,1
2021-07-13,0.00765475116988411,0
2021-07-14,0.006758429560132505,1
2021-07-15,0.008073201475769731,0
2021-07-16,0.0076057826194840476,1
2021-07-19,-0.01159847846100286,0
2021-07-20,-0.013032958750458666,1
2021-07-22,0.026207770079055413,0
2021-07-23,0.0010293408337861407,1
2021-07-26,-0.0034175591168145495,0
2021-07-27,-0.00444224534897476,1
2021-07-28,0.005570248864240801,0
2021-07-29,0.006742473148922828,1
2021-07-30,0.008317254375963822,0
2021-08-02,0.007666807458845781,1
2021-08-03,0.019331401320390927,0
2021-08-04,-0.0007045404640378893,1
2021-08-05,0.013543230466367616,0
2021-08-06,-0.0034123096956216515,1
2021-08-09,-0.0022472359264129552,0
2021-08-10,0.0048545247679416415,1
2021-08-11,-0.003470116964676279,0
2021-08-12,0.006379823807730989,1
2021-08-13,0.015205773401834549,0
2021-08-16,0.005350283910216246,1
2021-08-17,-0.002106818796013132,0
2021-08-18,0.0010756114736333426,1
2021-08-20,-0.008908626494295678,0
2021-08-23,0.0036640444697173978,1
2021-08-24,0.01210264103810471,0
2021-08-25,-0.0012601280496118417,1
2021-08-26,-0.008353151127993336,0
2021-08-27,0.0075523791269451026,1
2021-08-30,0.02105656834358761,0
2021-08-31,0.02403466249971868,1
2021-09-01,-0.0027657233930795163,0
2021-09-02,0.0037990599711914207,1
2021-09-03,0.0056175190180312315,0
2021-09-06,0.0010867103775152659,1
2021-09-07,-0.0001933147980815674,0
2021-09-08,-0.0018009500227586454,1
2021-09-09,0.003300150095804106,0
2021-09-13,-0.000720815212395992,1
2021-09-14,0.0020478695997251995,0
2021-09-15,0.011003043325678185,1
2021-09-16,0.012827082833292158,0
2021-09-17,-0.001133867965978969,1
2021-09-20,-0.004524530476875388,0
2021-09-21,0.018461394145007685,1
2021-09-22,0.0008124417560431696,0
2021-09-23,0.015986464454095278,1
2021-09-24,0.0025394277938429635,0
2021-09-27,-0.0032854490222332996,1
2021-09-28,-0.01126473669017173,0
2021-09-29,0.0021351046343106306,1
2021-09-30,-0.0016404773004346789,0
2021-10-01,-0.006842919484749816,1
2021-10-04,0.011497713136238274,0
2021-10-05,0.006632563227197147,1
2021-10-06,-0.011920118719798027,0
2021-10-07,0.009262778987633424,1
2021-10-08,0.00841650520099232,0
2021-10-11,0.004930896711284532,1
2021-10-12,0.001369138141142717,0
2021-10-13,0.016938767131871712,1
2021-10-14,0.010513196292205016,0
2021-10-18,0.006946371390091554,1
2021-10-19,-0.0029778247492572574,0
2021-10-20,-0.0032833243021815504,1
2021-10-21,-0.011841190880328763,0
2021-10-22,-0.010235262251977623,1
2021-10-25,-0.009206894870992598,0
2021-10-26,0.012419510598162622,1
2021-10-27,-0.004112583870608472,0
2021-10-28,-0.02004168320180271,1
2021-10-29,-0.017976584848525018,0
2021-11-01,0.019404787467466485,1
2021-11-02,0.00043637654473981395,0
2021-11-03,-0.005924838390781057,1
2021-11-04,0.008995162573198478,0
2021-11-08,0.012194138511604167,1
2021-11-09,-0.0009472860858198091,0
2021-11-10,0.008318680901606285,1
2021-11-11,-0.009908284313702774,0
2021-11-12,0.018672773763744464,1
2021-11-15,0.001166000381509769,0
2021-11-16,-0.008292080959119574,1
2021-11-17,-0.005295465266630555,0
2021-11-18,-0.008552223270701848,1
2021-11-22,-0.023910199986428064,0
2021-11-23,0.009114607620760246,1
2021-11-24,-0.00973868820990924,0
2021-11-25,0.014421673229669012,1
2021-11-26,-0.03648239324925257,0
2021-11-29,-0.00011728202566941865,1
2021-11-30,-0.0017503881534034762,0
2021-12-01,0.005478786459863799,1
2021-12-02,0.018019826125308103,0
2021-12-03,-0.016374399033868888,1
2021-12-06,-0.02112406717417169,0
2021-12-07,0.012914812792974227,1
2021-12-08,0.025618981328313403,0
2021-12-09,0.013898971032892083,1
2021-12-10,-0.0008126246056489263,0
2021-12-13,-0.01334369048682888,1
2021-12-14,-0.012470917844701267,0
2021-12-15,-0.006186832506577151,1
2021-12-16,0.004896069289842831,0
2021-12-17,-0.013192705648693036,1
2021-12-20,-0.026910777074168595,0
2021-12-21,0.010993380817167874,1
2021-12-22,0.02027037149872077,0
2021-12-23,0.007866075151221652,1
2021-12-24,-0.003758680541366083,0
2021-12-27,0.003753411080194907,1
2021-12-28,0.014239275334968746,0
2021-12-29,0.000495659613317012,1
2021-12-30,-0.003686927125996925,0
2021-12-31,0.00956669309812686,1
2022-01-03,0.017477670928967005,0
2022-01-04,0.008163636568244337,1
2022-01-05,0.007798214746635035,0
2022-01-06,-0.008172682469821802,1
2022-01-07,-0.00280185787633262,0
2022-01-10,0.012184658849333408,1
2022-01-11,0.0013564716526398013,0
2022-01-12,0.014858643308673064,1
2022-01-13,0.010034271426042761,0
2022-01-14,0.002696484619198647,1
2022-01-17,0.0033451825894142374,0
2022-01-18,-0.014619166199078567,1
2022-01-19,-0.01265752419904717,0
2022-01-20,-0.011061976278981794,1
2022-01-21,-0.015967316295306982,0
2022-01-24,-0.03314849158023826,1
2022-01-25,0.009172008805083749,0
2022-01-27,-0.011198902206677701,1
2022-01-28,0.005691582897637769,0
2022-01-31,0.019751798161551815,1
2022-02-01,0.024584853173497283,0
2022-02-02,0.012525844911267719,1
2022-02-03,-0.01452121779707308,0
2022-02-04,0.0031935451904775143,1
2022-02-07,-0.024954577921202602,0
2022-02-08,0.006448887116621522,1
2022-02-09,0.010931903705029892,0
2022-02-10,0.010449057758926317,1
2022-02-11,-0.01407690333689732,2
2022-02-14,-0.03380335909111815,2
2022-02-15,0.038126521218343826,2
2022-02-16,-0.0030773640711557306,0
2022-02-17,-0.0009655040084885884,1
2022-02-18,-0.0034705409849342837,0
2022-02-21,-0.006989110991191511,1
2022-02-22,-0.00703210485873012,0
2022-02-23,-0.0015418423093280069,1
2022-02-24,-0.051485314349197855,2
2022-02-25,0.026964135045560625,2
2022-02-28,0.010899585405019134,1
2022-03-02,-0.017576164268639075,0
2022-03-03,-0.0021975014643017044,1
2022-03-04,-0.010081087428688334,0
2022-03-07,-0.02158294956554756,1
2022-03-08,0.015371131189358872,0
2022-03-09,0.032062215823856134,1
2022-03-10,0.015115362289869903,0
2022-03-11,0.009361546619891508,1
2022-03-14,0.015477205570271312,0
2022-03-15,-0.009945248817871776,1
2022-03-16,0.01865733538317937,0
2022-03-17,0.019008667439099798,1
2022-03-21,-0.008579637509492194,0
2022-03-22,0.017074058613370004,1
2022-03-23,-0.006191332539522027,0
2022-03-24,0.0033092353094843763,1
2022-03-25,-0.004593791703040889,0
2022-03-28,0.009074307902095945,1
2022-03-29,0.00951863866401243,0
2022-03-30,0.009690990625925754,1
2022-03-31,-0.0019108468461414008,0
2022-04-01,0.010843755542004684,1
2022-04-04,0.024525386573662877,0
2022-04-05,-0.006897864277524216,1
2022-04-06,-0.0061307725684791314,0
2022-04-07,-0.014518542756376712,1
2022-04-08,0.009957706749153984,0
2022-04-11,-0.011596960335676428,1
2022-04-12,-0.014676934864192165,0
2022-04-13,0.004347800764724796,1
2022-04-18,-0.025199490576926293,0
2022-04-19,-0.015226211496499307,1
2022-04-20,0.004678237305088568,0
2022-04-21,0.01606092072564026,1
2022-04-22,-0.010782179803455633,0
2022-04-25,-0.017406792839805098,1
2022-04-26,0.02460277142792487,0
2022-04-27,-0.018947951990047066,1
2022-04-28,0.012602377310308555,0
2022-04-29,-0.006289796628962846,1
2022-05-02,-0.001634217218559985,0
2022-05-04,-0.030284899276663772,1
2022-05-05,-0.001982975656809988,0
2022-05-06,-0.01611649415295405,1
2022-05-09,-0.004055454866645835,0
2022-05-10,-0.009401877441366984,1
2022-05-11,-0.01269367157843998,0
2022-05-12,-0.024058836670076824,1
2022-05-13,0.0044745486791999255,0
2022-05-16,0.003089772947455094,1
2022-05-17,0.03162458737116375,0
2022-05-18,-0.003779931323585045,1
2022-05-19,-0.021980598060102847,0
2022-05-20,0.03397714024269705,1
2022-05-23,-0.00010044749837412846,0
2022-05-24,-0.0077127737969147235,1
2022-05-25,-0.0028448195203961907,0
2022-05-26,0.0026777720505681275,1
2022-05-27,0.014047913393018752,0
2022-05-30,0.022126490476138353,1
2022-05-31,-0.008698271670739232,0
2022-06-01,-0.008423445884910102,1
2022-06-02,0.012133263431476613,0
2022-06-03,0.003006210678392873,1
2022-06-06,-0.0018174531843300923,0
2022-06-07,-0.013910976505438193,1
2022-06-08,-0.009582046368674022,0
2022-06-09,0.012993966553386532,1
2022-06-10,-0.021372725190374225,0
2022-06-13,-0.030458861827650622,1
2022-06-14,0.0018532735385256801,0
2022-06-15,-0.0013217168545687661,1
2022-06-16,-0.025477480559205134,0
2022-06-17,-0.002969582092594624,1
2022-06-20,0.005598468132013722,0
2022-06-21,0.021603131485773606,1
2022-06-22,-0.01836523616701137,0
2022-06-23,0.008571282108612915,1
2022-06-24,0.00960021596942142,0
2022-06-27,0.01603111298550949,1
2022-06-28,0.0005116678875133618,0
2022-06-29,0.0036343727682748243,1
2022-06-30,-0.0026741082490921216,0
2022-07-01,0.002099332326718656,1
2022-07-04,0.008621843560365784,0
2022-07-05,-0.0019609085105504907,1
2022-07-06,0.011956192431344497,0
2022-07-07,0.007726856860636782,1
2022-07-08,0.013197430453944213,0
2022-07-11,-0.010099181345496649,1
2022-07-12,-0.0073900132740289445,0
2022-07-13,-0.00837440589704849,1
2022-07-14,-0.0010801567039704636,0
2022-07-15,0.0108755460508344,1
2022-07-18,0.017637093922524355,0
2022-07-19,0.0013337343577812246,1
2022-07-20,0.010179787499943476,0
2022-07-21,0.011916711784946426,1
2022-07-22,0.0033722754157352094,0
2022-07-25,-0.005164579016719378,1
2022-07-26,-0.005381924344245509,0
2022-07-27,0.013489030206539344,1
2022-07-28,0.022750588960099433,0
2022-07-29,0.022004296798208624,1
2022-08-01,0.00956122588764574,0
2022-08-02,-0.0026110728991528163,1
2022-08-03,-0.00020114356377027307,0
2022-08-04,0.0051824859112873985,1
2022-08-05,0.0014841944279361144,0
2022-08-08,0.010557926140127337,1
2022-08-10,0.0008341877627986601,0
2022-08-11,0.005341025603435956,1
2022-08-12,-0.0020144808462645766,0
2022-08-16,0.0026790214977554403,1
2022-08-17,0.013990134797275133,0
2022-08-18,0.0035957863594749564,1
2022-08-19,-0.007589474313261357,0
2022-08-22,-0.016372161521667716,1
2022-08-23,0.0047393832590322486,0
2022-08-24,-0.0013633429818182994,1
2022-08-25,-0.008084766178930437,0
2022-08-26,0.0007723726592721019,1
2022-08-29,-0.015595697658460151,0
2022-08-30,0.0279559894531889,1
2022-09-01,-0.015190343629961679,0
2022-09-02,0.0030257760611927423,1
2022-09-05,0.012769682700085981,0
2022-09-06,0.002290414452051643,1
2022-09-07,-0.001720527194248567,0
2022-09-08,0.011961360731161164,1
2022-09-09,-0.0018971166281194162,0
2022-09-12,0.007217894755932979,1
2022-09-13,0.013666939166132331,0
2022-09-14,-0.009033586307569503,1
2022-09-15,-0.010096503018227747,0
2022-09-16,-0.020832978029432507,1
2022-09-19,0.010197810390667493,0
2022-09-20,0.0144978430202971,1
2022-09-21,-0.003975923284342725,0
2022-09-22,-0.002647152168659677,1
2022-09-23,-0.013414133071796378,0
2022-09-26,-0.022070326698654382,1
2022-09-27,0.0016436634886999538,0
2022-09-28,-0.008558326492636853,1
2022-09-29,0.001991066812979586,0
2022-09-30,0.026165174270357156,1
2022-10-03,-0.012660397645525944,0
2022-10-04,0.02667773433927999,1
2022-10-06,0.0026973088519407053,0
2022-10-07,-0.0007889424207572827,1
2022-10-10,-0.008705313251952718,0
2022-10-11,-0.015963194745617627,1
2022-10-12,0.008214243385410347,0
2022-10-13,-0.006400929300262186,1
2022-10-14,0.01745827648874978,0
2022-10-17,0.004915201891039761,1
2022-10-18,0.013988651267484819,0
2022-10-19,0.003584096837148915,1
2022-10-20,0.005747581167033728,0
2022-10-21,-0.011133989741238692,1
2022-10-24,0.010713123024133254,0
2022-10-25,-0.001464418394290512,1
2022-10-27,0.006315762814320379,0
2022-10-28,0.0023333526516162383,1
2022-10-31,0.02242187145447162,0
2022-11-01,0.009308482728217975,1
2022-11-02,-0.0029649643697050414,0
2022-11-03,-0.0032215342328405835,1
2022-11-04,0.0008408159167031081,0
2022-11-07,0.0005018845842484519,1
2022-11-09,-0.0016029852312067381,0
2022-11-10,-0.007740128686178244,1
2022-11-11,0.023729483545940535,0
2022-11-14,-0.0045627110276959815,1
2022-11-15,0.0017407972009361894,0
2022-11-16,-5.217268586837903e-05,1
2022-11-17,-0.0005378615276368183,0
2022-11-18,-0.0058179274775078,1
2022-11-21,-0.01021731783340971,0
2022-11-22,0.00548679117790476,1
2022-11-23,0.0016725351621106055,0
2022-11-24,0.013873233308783383,1
2022-11-25,0.0016836658606980465,0
2022-11-28,0.0015536581332737773,1
2022-11-29,0.0014901773930373948,0
2022-11-30,0.004845240869721917,1
2022-12-01,0.005176396670791083,0
2022-12-02,-0.007862846979772629,1
2022-12-05,-0.0028774393841734746,0
2022-12-06,-0.0032735294772379127,1
2022-12-07,-0.003355016512195624,0
2022-12-08,-0.0021995696999887347,1
2022-12-09,-0.004738830424750378,0
2022-12-12,-0.0014948142002074007,1
2022-12-13,0.010671534189612508,0
2022-12-14,0.0029440045195850747,1
2022-12-15,-0.013535094413768229,0
2022-12-16,-0.006216161427417605,1
2022-12-19,0.008417569859231956,0
2022-12-20,-0.004294317599556756,1
2022-12-21,-0.009451252363396296,0
2022-12-22,-0.0030063579221339897,1
2022-12-23,-0.019640652049246563,0
2022-12-26,0.012113498713398096,1
2022-12-27,0.00671611716370592,0
2022-12-28,-0.0037056641754408363,1
2022-12-29,0.006236286958774862,0
2022-12-30,-0.0064479160941017955,1
2023-01-02,0.004391385655922652,0
2023-01-03,0.00269392218653241,1
2023-01-04,-0.013459671815028069,0
2023-01-05,-0.008834847288449639,1
2023-01-06,-0.007298414148231607,0
2023-01-09,0.01737248356435086,1
2023-01-10,-0.017402876508308993,0
2023-01-11,-0.0019487590043047783,1
2023-01-12,-0.0008579149555471785,0
2023-01-13,0.004572615810042452,1
2023-01-16,-0.0007744409882029954,0
2023-01-17,0.012245799492269322,1
2023-01-18,0.01122110758513377,0
2023-01-19,-0.0013212022974609103,1
2023-01-20,-0.008699921700518408,0
2023-01-23,0.007305871204201508,1
2023-01-24,-0.0005728464582171023,0
2023-01-25,-0.010619427991777891,1
2023-01-27,-0.007006939032186145,0
2023-01-30,0.00660275429557557,1
2023-01-31,-0.003562515969109109,0
2023-02-01,0.0035646620593253126,1
2023-02-02,0.005231569435762756,0
2023-02-03,0.022890503140129,1
2023-02-06,-0.0033263130002180673,0
2023-02-07,-0.005917007058000377,1
2023-02-08,0.008921955814047183,0
2023-02-09,0.002980986228945565,1
2023-02-10,-0.000882897126497989,0
2023-02-13,-0.0021471296593601587,1
2023-02-14,0.014217715513214806,0
2023-02-15,0.00410349841322366,1
2023-02-16,-0.0012888980676412976,0
2023-02-17,-0.001717739541255308,1
2023-02-20,-0.002692171114051295,0
2023-02-21,-0.001560848904825929,1
2023-02-22,-0.015778012869026324,0
2023-02-23,-0.004856038177001847,1
2023-02-24,-0.0036663402102880107,0
2023-02-27,-0.009863071767304466,1
2023-02-28,-0.012312350766349171,0
2023-03-01,0.006403567668122156,1
2023-03-02,-0.008448528947132248,0
2023-03-03,0.019034646327086777,1
2023-03-06,0.006896428697258122,0
2023-03-08,-0.001498161114943508,1
2023-03-09,-0.00695424911022186,0
2023-03-10,-0.009486211783426506,1
2023-03-13,-0.014332741777631585,0
2023-03-14,-0.0042194904713145414,1
2023-03-15,-0.006790170551252273,0
2023-03-16,-0.0005118363107289026,1
2023-03-17,0.004019761391865589,0
2023-03-20,-0.008947067382680762,1
2023-03-21,0.010328173105216876,0
2023-03-22,0.00634182023663174,1
2023-03-23,-0.0018394392825929252,0
2023-03-24,-0.011744378995884541,1
2023-03-27,0.003644193846163429,0
2023-03-28,-0.004979337191972304,1
2023-03-29,0.0053016793901968905,0
2023-03-31,0.014332787398731266,1
2023-04-03,0.0012561630914926457,0
2023-04-05,0.018596457938692537,1
2023-04-06,0.010629686960717815,0
2023-04-10,-0.000759650381112909,1
2023-04-11,0.0024549631777915464,0
2023-04-12,0.004206355229616482,1
2023-04-13,-0.005555910989646274,0
2023-04-17,-0.01762271716240343,1
2023-04-18,-0.0028852181036378814,0
2023-04-19,-0.0012456259242303257,1
2023-04-20,2.8259472092429048e-05,0
2023-04-21,0.0022336263788515945,1
2023-04-24,0.00011656211964737313,0
2023-04-25,0.006167368849381938,1
2023-04-26,0.0017660327220059004,0
2023-04-27,0.014615735216652414,1
2023-04-28,0.01713164986031425,0
2023-05-02,0.0004197571407548893,1
2023-05-03,-0.0077337698588892225,0
2023-05-04,0.013063917238397732,1
2023-05-05,-0.009074304055329725,0
2023-05-08,0.010735567227231818,1
2023-05-09,-0.0041147013527483,0
2023-05-10,0.002473890439773146,1
2023-05-11,-0.010773697009028643,0
2023-05-12,-0.0001264939851959078,1
2023-05-15,0.007409030940683176,0
2023-05-16,-0.0070552029796223815,1
2023-05-17,-0.004599416641403747,0
2023-05-18,-0.0025030713799244816,1
2023-05-19,0.004070213671492034,0
2023-05-22,0.008012238259223915,1
2023-05-23,-0.0008342243372766403,0
2023-05-24,0.0013713359684466853,1
2023-05-25,0.008133976779317301,0
2023-05-26,0.012419443776616829,1
2023-05-29,0.005577040810519312,0
2023-05-30,0.003583390327212243,1
2023-05-31,8.626155046243542e-05,0
2023-06-01,-0.0035995312335451663,1
2023-06-02,0.00548015417688259,0
2023-06-05,0.004548093536919445,1
2023-06-06,-0.0005525639453574318,0
2023-06-07,0.0080228478037513,1
2023-06-08,-0.006306654329532934,0
2023-06-09,-0.0032407349984570066,1
2023-06-12,0.002356832613753823,0
2023-06-13,0.009297783802461122,1
2023-06-14,-0.0019184051101678538,0
2023-06-15,-0.0005552835911970474,1
2023-06-16,0.009634469445949078,0
2023-06-19,0.0026159735907844875,1
2023-06-20,-0.0012542968430985402,0
2023-06-21,0.001958656832924921,1
2023-06-22,-0.004668159637773739,0
2023-06-23,-0.004354049653996227,1
2023-06-26,-0.0014456993526391904,0
2023-06-27,0.007420872257827282,1
2023-06-28,0.014545237998150084,0
2023-06-30,0.020115172876942578,1
2023-07-03,0.008820265930419713,0
2023-07-04,0.012694584778985846,1
2023-07-05,-0.002152256881491087,0
2023-07-06,0.0024402206809135576,1
2023-07-07,-0.010855794286135832,0
2023-07-10,0.006006984014558681,1
2023-07-11,0.010880219949917114,0
2023-07-12,-0.004061258722158973,1
2023-07-13,0.002200205921436727,0
2023-07-14,0.008535071399391175,1
2023-07-17,0.005305373921742668,0
2023-07-18,0.0033391140152822405,1
2023-07-19,0.009577569326345643,0
2023-07-20,0.006308627543600842,1
2023-07-21,-0.01286665072523913,0
2023-07-24,-0.0061677820925937705,1
2023-07-25,-0.005125513671139776,0
2023-07-26,0.011625794877166655,1
2023-07-27,-0.002912666568805295,0
2023-07-28,0.0009505131677508389,1
2023-07-31,0.0027086993333710675,0
2023-08-01,-0.001505762646351905,1
2023-08-02,-0.01154655129536466,0
2023-08-03,-0.005900285181148878,1
2023-08-04,0.010724087348282651,0
2023-08-07,0.005475825714829241,1
2023-08-08,-0.0038750278126367162,0
2023-08-09,0.003936986413669036,1
2023-08-10,-0.005394711142734515,0
2023-08-11,-0.008204917651240318,1
2023-08-14,0.003524927438352587,0
2023-08-16,0.0029476062026620228,1
2023-08-17,-0.01010490716045998,0
2023-08-18,-0.004997898652692289,1
2023-08-21,0.010428466979918588,0
2023-08-22,0.0037026665294850928,1
2023-08-23,-0.0005604204957619981,0
2023-08-24,-0.0030737028612973453,1
2023-08-25,-0.007394329670105544,0
2023-08-28,0.00358515913098133,1
2023-08-29,-0.0012985898945988453,0
2023-08-30,0.0013595225679892905,1
2023-08-31,-0.005591083055953787,0
2023-09-01,0.00658950898236344,1
2023-09-04,0.0011591430134798737,0
2023-09-05,0.009190439168488745,1
2023-09-06,0.008217378800824215,0
2023-09-07,0.003782370026622706,1
2023-09-08,0.006761632864051859,0
2023-09-11,0.005561606229265464,1
2023-09-12,0.006556235697148748,0
2023-09-13,0.00552347733614394,1
2023-09-14,3.472666560434541e-05,0
2023-09-15,0.005632637658714922,1
2023-09-18,-0.006107898266589634,0
2023-09-20,-0.011772436672263215,1
2023-09-21,-0.003054082615532538,0
2023-09-22,-0.007090773210631058,1
2023-09-25,0.0017441373786346204,0
2023-09-26,0.0014714083734352623,1
2023-09-27,0.008752887015498466,0
2023-09-28,-0.007873771181358725,1
2023-09-29,0.007459911304693994,0
2023-10-03,-0.00215910479256608,1
2023-10-04,-0.005130766512871626,0
2023-10-05,0.0060138837484116905,1
2023-10-06,0.010350364424872737,0
2023-10-09,-0.008241114959918883,1
2023-10-10,0.010291307620266699,0
2023-10-11,0.007462903282081375,1
2023-10-12,-0.0033692068827951833,0
2023-10-13,-0.0020030002024298723,1
2023-10-16,-0.0026273540507060766,0
2023-10-17,0.00489162984987847,1
2023-10-18,-0.008016168541193441,0
2023-10-19,-0.005908880012132517,1
2023-10-20,-0.00737979993749464,0
2023-10-23,-0.012416261971652109,1
2023-10-25,-0.011725176956811694,0
2023-10-26,-0.01896265279707482,1
2023-10-27,0.011555375196021726,0
2023-10-30,0.00683826128227185,1
2023-10-31,-0.009687214428604318,0
2023-11-01,0.00025595564714973613,1
2023-11-02,0.009227366601849774,0
2023-11-03,0.0045818540776046916,1
2023-11-06,0.01348720737381015,0
2023-11-07,-0.002134844155853527,1
2023-11-08,0.0030070185821853886,0
2023-11-09,-0.0056630098446372856,1
2023-11-10,0.0034711298367034954,0
2023-11-13,-0.0011795127560062515,1
2023-11-15,0.011194043855090102,0
2023-11-16,0.0064233660183079236,1
2023-11-17,-0.0009648109046788249,0
2023-11-20,-0.004057016492650711,1
2023-11-21,0.0064410998360712735,0
2023-11-22,0.004261474576015123,1
2023-11-23,-0.0018593551043245165,0
2023-11-24,-0.0027843362528073507,1
2023-11-28,0.0027416171959671392,0
2023-11-29,0.010495454660115333,1
2023-11-30,0.004500589135817734,0
2023-12-01,0.012746092468454212,1
2023-12-04,0.021012536468185957,0
2023-12-05,0.0002720173959860181,1
2023-12-06,0.011917374229139875,0
2023-12-07,-0.008579681511700838,1
2023-12-08,0.0006055164744148518,0
2023-12-11,0.0016469431296133818,1
2023-12-12,-0.009823193515278404,0
2023-12-13,0.0023450957268791647,1
2023-12-14,0.01703974080948342,0
2023-12-15,0.01143729245094906,1
2023-12-18,0.0012890775014747224,0
2023-12-19,0.0028513444056547537,1
2023-12-20,-0.01550957604197334,0
2023-12-21,0.0037549982883474495,1
2023-12-22,0.006524876389875011,0
2023-12-26,0.00020762147875763045,1
2023-12-27,0.012427062154100745,0
2023-12-28,0.006003356376851702,1
2023-12-29,-0.0025813226975666403,0
2024-01-01,-0.00121658358709637,1
2024-01-02,0.004963976781613766,0
2024-01-03,-0.004639653000790789,1
2024-01-04,0.015215570452058564,0
2024-01-05,0.002275119180961749,1
2024-01-08,-0.0059340593551019715,0
2024-01-09,0.005272690379377715,1
2024-01-10,0.0017454632044344998,0
2024-01-11,-0.0023143867638319993,1
2024-01-12,0.019275983629923703,0
2024-01-15,0.00874662948313834,1
2024-01-16,-0.00370443368733303,0
2024-01-17,-0.020275171533256232,1
2024-01-18,-0.0007986336194369496,0
2024-01-19,0.010240996345267728,1
2024-01-23,-0.013906934973477066,0
2024-01-24,0.015008297485094739,1
2024-01-25,-0.008657104701257806,0
2024-01-29,0.02034808044643809,1
2024-01-30,-0.024039140849825,0
2024-01-31,0.0073097423706225285,1
2024-02-01,-0.009243554340153363,0
2024-02-02,0.005777398132961624,1
2024-02-05,-0.009945867743316072,0
2024-02-06,0.007625586117070754,1
2024-02-07,0.0004892544820199966,0
2024-02-08,-0.010155716481768579,1
2024-02-09,0.002311042945413377,0
2024-02-12,-0.007766386816187982,1
2024-02-13,0.0045867495936904035,0
2024-02-14,-0.0012962035261618878,1
2024-02-15,-0.0011041289142453337,0
2024-02-16,0.005957773382564996,1
2024-02-19,0.0076581932282495605,0
2024-02-20,0.0041677984319089595,1
2024-02-21,-0.009989494062886878,0
2024-02-22,0.009464076827339775,1
2024-02-23,0.0004150763896217823,0
2024-02-26,-0.0028377068724367346,1
2024-02-27,0.005079188670176748,0
2024-02-28,-0.008061567173557455,1
2024-02-29,-0.0006886173793668075,0
2024-03-01,0.01302152772164437,1
2024-03-04,0.00111681446973772,0
2024-03-05,-0.004568406676928699,1
2024-03-06,0.00906444216052717,0
2024-03-07,0.004909288363227132,1
2024-03-11,-0.008828472307672518,0
2024-03-12,0.0029383778100427467,1
2024-03-13,-0.0076065563538858134,0
2024-03-14,0.008347067729233115,1
2024-03-15,-0.002749669823134198,0
2024-03-18,0.0017790027846421807,1
2024-03-19,-0.010031912612691036,0
2024-03-20,0.003743255905119952,1
2024-03-21,0.008109230525038907,0
2024-03-22,0.007823080191837995,1
2024-03-26,-0.003462981179689644,0
2024-03-27,0.012127363215682106,1
2024-03-28,0.01068272804091927,0
2024-04-01,0.0038974959741283678,1
2024-04-02,-0.004221158272361042,0
2024-04-03,0.0012991118983971652,1
2024-04-04,0.001175539941686232,0
2024-04-05,-0.004508197644406364,1
2024-04-08,0.006186856803580143,0
2024-04-09,-0.0015217881036060476,1
2024-04-10,0.008120562523801195,0
2024-04-12,-0.016934349711232383,1
2024-04-15,-0.012270851873317268,0
2024-04-16,-0.010142464585089094,1
2024-04-18,-0.0005494035876991096,0
2024-04-19,0.012470237815870705,1
2024-04-22,0.011960868370358637,0
2024-04-23,-0.0011428671594194417,1
2024-04-24,5.437324083294419e-05,0
2024-04-25,0.008502135529093574,1
2024-04-26,-0.017162654800024588,0
2024-04-29,0.008668547999730176,1
2024-04-30,-0.005662778633294929,0
2024-05-02,0.0006116270749354498,1
2024-05-03,-0.012174563253046621,0
2024-05-06,-0.0014041954409598212,1
2024-05-07,-0.0023117490130003917,0
2024-05-08,0.00019766785959441952,1
2024-05-09,-0.027842215005161135,0
2024-05-10,0.009683092600135113,1
2024-05-13,0.0025277045911951236,0
2024-05-14,0.0065618739068101836,1
2024-05-15,-0.0011022284027952353,0
2024-05-16,0.016617786976965976,1
2024-05-17,0.0008199068268069322,0
2024-05-21,-0.0012313018784547217,1
2024-05-22,0.007668355772572759,0
2024-05-23,0.014178007832870307,1
2024-05-24,0.0020470537563500755,0
2024-05-27,-0.0015233258861714512,1
2024-05-28,-0.0038531137705056944,0
2024-05-29,-0.005035970658720062,1
2024-05-30,-0.012111814540771704,0
2024-05-31,0.006819212938404117,1
2024-06-03,0.02913267779659487,2
2024-06-04,-0.06371246407141505,2
2024-06-05,0.037814433102913686,2
2024-06-06,0.01475673921895916,2
2024-06-07,0.03023658188592675,2
2024-06-10,-0.0060351195020929725,0
2024-06-11,-0.000733082770217769,1
2024-06-12,0.005153409296208744,0
2024-06-13,0.004725185843976204,1
2024-06-14,0.0035870589012666817,0
2024-06-18,0.001985157962328299,1
2024-06-19,-0.009612466230070171,0
2024-06-20,-0.000819782208691788,1
2024-06-21,-0.0017507320871931404,0
2024-06-24,0.0020028082412632763,1
2024-06-25,0.009057978067306493,0
2024-06-26,0.0141431069338752,1
2024-06-27,0.00469437092595188,0
2024-06-28,-0.0030675228460445517,1
2024-07-01,0.008602946107283533,0
2024-07-02,0.003062665257804437,1
2024-07-03,0.006168719641555303,0
2024-07-04,-0.003118780629682305,1
2024-07-05,0.0024174445671603993,0
2024-07-08,0.003522591060239228,1
2024-07-09,0.0053538706824663215,0
2024-07-10,-0.001408544740819101,1
2024-07-11,-0.003656832967602797,0
2024-07-12,0.008987380703986124,1
2024-07-15,0.0036683408214464638,0
2024-07-16,0.0018243096705075122,1
2024-07-18,0.009895175118006888,0
2024-07-19,-0.009246090679637253,1
2024-07-22,-0.0005068836572167995,0
2024-07-23,0.00021689607433373367,1
2024-07-24,-0.0030867515624598985,0
2024-07-25,0.007694008501863725,1
2024-07-26,0.026846670093257433,0
2024-07-29,-0.000683191707852038,1
2024-07-30,-0.0034466819292320924,0
2024-07-31,0.004774678437676439,1
2024-08-01,0.00022690952943120175,0
2024-08-02,-0.008927954139136995,1
2024-08-05,-0.028081421230980237,0
2024-08-06,-0.0030827746702903717,1
2024-08-07,0.01630538228646845,0
2024-08-08,-0.006718360881075951,1
2024-08-09,0.009579687405962121,0
2024-08-12,-0.00038315487661822476,1
2024-08-13,-0.009664633821373798,0
2024-08-14,0.004010983049563161,1
2024-08-16,0.015423557436371449,0
2024-08-19,0.0006604133935332321,1
2024-08-20,0.0037729138369353376,0
2024-08-21,0.003817769573683988,1
2024-08-22,0.002581609578743904,0
2024-08-23,0.0022405450152316654,1
2024-08-26,0.006891598901273287,0
2024-08-27,0.005732870119404593,1
2024-08-28,0.007249780875929878,0
2024-08-29,0.007506698603251561,1
2024-08-30,0.00644058384967075,0
2024-09-02,0.005772521071925519,1
2024-09-03,-0.0045579671429375294,0
2024-09-04,-0.0022182169213381007,1
2024-09-05,-0.0036800567003868463,0
2024-09-06,-0.010298959303131416,1
2024-09-09,0.003948314318776208,0
2024-09-10,0.005404383843266069,1
2024-09-11,-0.0011271149374354082,0
2024-09-12,0.02311515597336431,1
2024-09-13,-0.0018985871061775184,0
2024-09-16,-0.002116471054915614,1
2024-09-17,0.0035162744359561126,0
2024-09-18,0.00047917337634673617,1
2024-09-19,0.0013213514249558965,0
2024-09-20,0.0174166896573477,1
2024-09-23,0.005517152154795436,0
2024-09-24,0.00029105773620997076,1
2024-09-25,0.0037970511360311044,0
2024-09-26,0.00740192042158429,1
2024-09-27,-0.0008744131546348172,0
2024-09-30,-0.01649724997107998,1
2024-10-01,-0.0023429270155913284,0
2024-10-03,-0.026210127654597154,1
2024-10-04,-0.012711013574804786,0
2024-10-07,-0.0004065937778325315,1
2024-10-08,0.008030501091774655,0
2024-10-09,-0.005157735901445809,1
2024-10-10,-0.004290003369287959,0
2024-10-11,0.0017303196428663512,1
2024-10-14,0.010502693066221336,0
2024-10-15,-0.006054789287911788,1
2024-10-16,-0.002737472824358911,0
2024-10-17,-0.002819037156328147,1
2024-10-18,-0.0037640509029933985,0
2024-10-21,-0.0024563645922676463,1
2024-10-22,-0.010862086719277441,0
2024-10-23,0.0029603541213958614,1
2024-10-24,-0.001627735529135399,0
2024-10-25,-0.006637896542280763,1
2024-10-28,0.0046473838130643985,0
2024-10-29,0.002306709266433021,1
2024-10-30,-0.005097852182991126,0
2024-10-31,4.3953368606874466e-05,1
2024-11-01,0.0036826036869337824,0
2024-11-04,-0.01781001087337167,1
2024-11-05,0.00228881074208705,0
2024-11-06,0.01683463243549181,1
2024-11-07,-0.01295520441104343,0
2024-11-08,0.0018276701232414596,1
2024-11-11,-0.004125557867883284,0
2024-11-12,-0.009099823395376856,1
2024-11-13,-0.011834195291098915,0
2024-11-14,-0.0016226231075364026,1
2024-11-18,-0.005728795450291906,0
2024-11-19,0.002853286644276421,1
2024-11-21,-0.008562104990972486,0
2024-11-22,0.032762495253745715,1
2024-11-25,0.013147150517558815,0
2024-11-26,-0.0029731914329585774,1
2024-11-27,0.0027923571465436952,0
2024-11-28,-0.018763946670527488,1
2024-11-29,0.017837580898783588,0
2024-12-02,0.009318598061430821,1
2024-12-03,0.004048321970446444,0
2024-12-04,-0.002604448191321612,1
2024-12-05,0.013874352305819649,0
2024-12-06,-0.0027438546187689705,1
2024-12-09,0.0015044592814527468,0
2024-12-10,-0.0006413851400882244,1
2024-12-11,0.0053865557772570126,0
2024-12-12,-0.002964996959531996,1
2024-12-13,0.015759160301587593,0
2024-12-16,-0.00433606690501599,1
2024-12-17,-0.015599083753923134,0
2024-12-18,-0.00420431487300793,1
2024-12-19,-0.011181039936407204,0
2024-12-20,-0.01565552946313664,1
2024-12-23,0.010037942138537426,0
2024-12-24,-0.001275332305352744,1
2024-12-26,0.0010907228497745835,0
2024-12-27,0.005231506645747186,1
2024-12-30,-0.005335743713707896,0
2024-12-31,0.0002648008472933948,1
